Nº chamada;Data/hora de criação;Local do fato;Latitude  do local;Longitude do local;Natureza;Unidade Responsável;Recursos empenhados;Alerta;Destaque;Envolve autoridade;Tipo de classificação;Situação;Data/hora da situação atual
2020-09954260-4;20/03/2020 23:24;AVENIDA BARAO INDAIA, Nº 655 - CENTRO - ABAETE;-191.569.124;-454.432.448;E01268 - INFRACAO DE MEDIDA SANITARIA PREVENTIVA (C) (Prioridade: 3 - Baixa);141 CIA PM/7 BPM/7 RPM;25927;Não;Não;Não;BOLETIM DE OCORRENCIA / BOS;Classificada;21/03/2020 06:07
2020-09962878-2;21/03/2020 19:20;RUA PADRE EUSTAQUIO, Nº 1040 - DONA ROSA - DIVINOPOLIS;-201.661.239;-448.544.273;G01330 - DESOBEDIENCIA (C) (Prioridade: 3 - Baixa);142 CIA PM/23 BPM/7 RPM;28874;Não;Não;Não;BOLETIM DE OCORRENCIA / BOS;Classificada;21/03/2020 20:16
2020-09962943-2;21/03/2020 19:24;RUA ESMERALDA, Nº 268 - NITEROI - DIVINOPOLIS;-201.411.293;-448.748.013;G01330 - DESOBEDIENCIA (C) (Prioridade: 3 - Baixa);142 CIA PM/23 BPM/7 RPM;26545 / 26541;Não;Não;Não;BOLETIM DE OCORRENCIA / BOS;Classificada;21/03/2020 20:14
2020-09962972-0;21/03/2020 19:24;RUA DOUTOR MIGUEL GONTIJO, Nº 266 - CENTRO - BOM DESPACHO;-197.397.095;-452.536.953;Y11011 - APOIO A OUTROS ORGAOS (C) (Prioridade: 3 - Baixa);COPOM/7 BPM/7 RPM;28605 / 28587;Não;Não;Não;RAT;Classificada;21/03/2020 21:41
2020-09963008-6;21/03/2020 19:31;RUA JOSE DEMETRIO COELHO, Nº 1 - CENTRO - CARMO DO CAJURU;-201.843.663;-447.776.861;G01330 - DESOBEDIENCIA (C) (Prioridade: 3 - Baixa);3 PEL/142 CIA PM/23 BPM/7 RPM;25669;Não;Não;Não;BOLETIM DE OCORRENCIA / BOS;Classificada;21/03/2020 21:06
2020-09963045-2;21/03/2020 19:33;AVENIDA SANTA LUCIA, Nº 591 - MARIA HELENA - DIVINOPOLIS;-201.515.785;-448.611.087;G01330 - DESOBEDIENCIA (C) (Prioridade: 3 - Baixa);142 CIA PM/23 BPM/7 RPM;26545 / 26541;Não;Não;Não;BOLETIM DE OCORRENCIA / BOS;Classificada;21/03/2020 21:02
2020-09963123-4;21/03/2020 19:38;AVENIDA AMAZONAS, Nº 613 - CATALAO - DIVINOPOLIS;-201.549.549;-449.009.335;G01330 - DESOBEDIENCIA (C) (Prioridade: 3 - Baixa);139 CIA PM/23 BPM/7 RPM;28792;Não;Não;Não;BOLETIM DE OCORRENCIA / BOS;Classificada;21/03/2020 20:49
2020-09963187-7;21/03/2020 19:43;RUA PADRE EUSTAQUIO, Nº 1081 - SAGRADA FAMILIA - DIVINOPOLIS;-201.661.823;-448.537.311;G01330 - DESOBEDIENCIA (C) (Prioridade: 3 - Baixa);142 CIA PM/23 BPM/7 RPM;28874;Não;Não;Não;BOLETIM DE OCORRENCIA / BOS;Classificada;21/03/2020 20:43
2020-09963317-0;21/03/2020 19:52;RUA NOSSA SENHORA APARECIDA / RUA DELFINOPOLIS - DIVINOPOLIS;-201.475.169;-449.067.272;G01330 - DESOBEDIENCIA (C) (Prioridade: 3 - Baixa);139 CIA PM/23 BPM/7 RPM;28793 / 28733;Não;Não;Não;BOLETIM DE OCORRENCIA / BOS;Classificada;21/03/2020 20:38
2020-09963443-5;21/03/2020 20:03;AVENIDA JK, Nº 184 - VILA SANTO ANDRE - DIVINOPOLIS;-201.360.416;-448.838.027;G01330 - DESOBEDIENCIA (C) (Prioridade: 3 - Baixa);53 CIA PM/23 BPM/7 RPM;28710;Não;Não;Não;BOLETIM DE OCORRENCIA / BOS;Classificada;21/03/2020 20:54
2020-09963505-0;21/03/2020 20:06;RUA ALEXANDRINA FIGUEIREDO, Nº 2230 - JUSA FONSECA - DIVINOPOLIS;-201.748.095;-448.680.385;G01330 - DESOBEDIENCIA (C) (Prioridade: 3 - Baixa);142 CIA PM/23 BPM/7 RPM;28874;Não;Não;Não;BOLETIM DE OCORRENCIA / BOS;Classificada;21/03/2020 21:40
2020-09963506-3;21/03/2020 20:06;RUA FRANCISCO ARAUJO LOPES CANCADO, Nº 98 - SAO JOSE - BOM DESPACHO;-197.504.873;-452.550.549;A05000 - AVERIGUA PESSOA / VEICULO EM ATITUDE SUSPEITA (C) (Prioridade: 1 - Alta);COPOM/7 BPM/7 RPM;28867;Não;Não;Não;W99000-OUTROS TIPOS DE ROTINAS ADMINISTRATIVAS;Classificada;21/03/2020 20:27
2020-09963516-7;21/03/2020 20:09;RUA CONQUISTA / AVENIDA SETE DE SETEMBRO - DIVINOPOLIS;-201.305.222;-448.868.597;G01330 - DESOBEDIENCIA (C) (Prioridade: 3 - Baixa);53 CIA PM/23 BPM/7 RPM;28879;Não;Não;Não;BOLETIM DE OCORRENCIA / BOS;Classificada;21/03/2020 20:48
2020-09963595-3;21/03/2020 20:15;RUA SANTO ANTONIO DO MONTE, Nº 306 - ROSARIO - BOM DESPACHO;-197.450.002;-452.665.078;A05000 - AVERIGUA PESSOA / VEICULO EM ATITUDE SUSPEITA (C) (Prioridade: 1 - Alta);COPOM/7 BPM/7 RPM;28072;Não;Não;Não;BOLETIM DE OCORRENCIA / BOS;Classificada;21/03/2020 20:18
2020-09963765-1;21/03/2020 20:29;PRACA MATRIZ, Nº 140 - BOM DESPACHO;-197.370.674;-452.520.829;E08042 - PERTURBACAO DO TRABALHO OU DO SOSSEGO ALHEIOS (C) (Prioridade: 3 - Baixa);COPOM/7 BPM/7 RPM;28735;Não;Não;Não;W99000-OUTROS TIPOS DE ROTINAS ADMINISTRATIVAS;Classificada;21/03/2020 20:54
2020-09963975-4;21/03/2020 20:48;RUA PEDRO MARTINS MACHADO, Nº 301 - SANTA LUCIA - DIVINOPOLIS;-20.165.541;-448.406.721;E01268 - INFRACAO DE MEDIDA SANITARIA PREVENTIVA (C) (Prioridade: 3 - Baixa);142 CIA PM/23 BPM/7 RPM;;Não;Não;Não;W09000-CANCELADA POR ORDEM DO ORGAO DE COORDENACAO E CONTROL;Classificada;21/03/2020 21:01
2020-09964753-8;21/03/2020 21:56;RUA SANTA CATARINA, Nº 767 - SANTO ANTONIO - DIVINOPOLIS;-201.390.229;-448.999.062;B01147 - AMEACA (C) (Prioridade: 1 - Alta);53 CIA PM/23 BPM/7 RPM;28703;Não;Não;Não;BOLETIM DE OCORRENCIA / BOS;Classificada;21/03/2020 22:39
2020-09964854-5;21/03/2020 22:04;AVENIDA ANA ROSA, Nº S/N - ANA ROSA - BOM DESPACHO;-197.395.756;-452.427.428;A99000 - OUTRAS ACOES DEFESA SOCIAL (C) (Prioridade: 3 - Baixa);COPOM/7 BPM/7 RPM;28072;Não;Não;Não;BOLETIM DE OCORRENCIA / BOS;Classificada;21/03/2020 22:06
2020-09965331-2;21/03/2020 22:39;AVENIDA SIMAO DA CUNHA, Nº 591 - CENTRO - ABAETE;-191.530.889;-454.463.481;A99000 - OUTRAS ACOES DEFESA SOCIAL (C) (Prioridade: 3 - Baixa);141 CIA PM/7 BPM/7 RPM;25927;Não;Não;Não;BOLETIM DE OCORRENCIA / BOS;Classificada;21/03/2020 22:40
2020-09965550-6;21/03/2020 22:59;POVOADO MATO SECO, Nº S/N - BOM DESPACHO;-195.660.833;-452.154.722;A99000 - OUTRAS ACOES DEFESA SOCIAL (C) (Prioridade: 3 - Baixa);COPOM/7 BPM/7 RPM;28072;Não;Não;Não;W99000-OUTROS TIPOS DE ROTINAS ADMINISTRATIVAS;Classificada;21/03/2020 23:45
2020-09965744-2;21/03/2020 23:17;RUA LAZARA SILVA, Nº 110 - BELVEDERE II - DIVINOPOLIS;-201.765.582;-44.901.459;E08042 - PERTURBACAO DO TRABALHO OU DO SOSSEGO ALHEIOS (C) (Prioridade: 3 - Baixa);139 CIA PM/23 BPM/7 RPM;28792;Não;Não;Não;BOLETIM DE OCORRENCIA / BOS;Classificada;22/03/2020 00:13
2020-09966162-2;21/03/2020 23:51;AVENIDA ANTONIO OLIMPIO DE MORAIS / RUA CORONEL JOAO NOTINI - DIVINOPOLIS;-201.403.244;-448.873.205;E01268 - INFRACAO DE MEDIDA SANITARIA PREVENTIVA (C) (Prioridade: 3 - Baixa);53 CIA PM/23 BPM/7 RPM;28880;Não;Não;Não;BOLETIM DE OCORRENCIA / BOS;Classificada;22/03/2020 00:16
2020-09966941-9;22/03/2020 01:02;AVENIDA CHICO BERNADINO, Nº S/N - CHÁCARAS MIRANTE - BOM DESPACHO;-197.194.831;-452.616.781;A99000 - OUTRAS ACOES DEFESA SOCIAL (C) (Prioridade: 3 - Baixa);COPOM/7 BPM/7 RPM;28072 / 28867;Não;Não;Não;W99000-OUTROS TIPOS DE ROTINAS ADMINISTRATIVAS;Classificada;22/03/2020 01:27
2020-09968805-1;22/03/2020 08:05;AVENIDA GOVERNADOR MAGALHAES PINTO, Nº 630 - NITEROI - DIVINOPOLIS;-201.387.642;-448.736.432;E01268 - INFRACAO DE MEDIDA SANITARIA PREVENTIVA (C) (Prioridade: 3 - Baixa);142 CIA PM/23 BPM/7 RPM;28874 / 28641 / 28655;Não;Não;Não;BOLETIM DE OCORRENCIA / BOS;Classificada;22/03/2020 08:42
2020-09969058-7;22/03/2020 08:50;AVENIDA DO ACO / RUA PERU - DIVINOPOLIS;-201.586.795;-448.575.763;E01268 - INFRACAO DE MEDIDA SANITARIA PREVENTIVA (C) (Prioridade: 3 - Baixa);142 CIA PM/23 BPM/7 RPM;28655 / 28641;Não;Não;Não;BOLETIM DE OCORRENCIA / BOS;Classificada;22/03/2020 09:05
2020-09969156-6;22/03/2020 09:01;AVENIDA PARANA, Nº 3240 - EXPOSICAO - DIVINOPOLIS;-201.710.813;-449.141.666;A99000 - OUTRAS ACOES DEFESA SOCIAL (C) (Prioridade: 3 - Baixa);240 CIA TM/23 BPM/7 RPM;28847;Não;Não;Não;BOLETIM DE OCORRENCIA / BOS;Classificada;22/03/2020 09:37
2020-09969526-3;22/03/2020 09:55;AVENIDA ROSANA NORONHA GUARANY, Nº 240 - ICARAI - DIVINOPOLIS;-201.136.337;-448.509.794;E01268 - INFRACAO DE MEDIDA SANITARIA PREVENTIVA (C) (Prioridade: 3 - Baixa);142 CIA PM/23 BPM/7 RPM;;Não;Não;Não;W09000-CANCELADA POR ORDEM DO ORGAO DE COORDENACAO E CONTROL;Classificada;22/03/2020 15:45
2020-09969601-7;22/03/2020 10:01;RUA LIRIO DO VALE, Nº 146 - SANTOS DUMONT - DIVINOPOLIS;-201.754.146;-448.769.259;A99000 - OUTRAS ACOES DEFESA SOCIAL (C) (Prioridade: 3 - Baixa);142 CIA PM/23 BPM/7 RPM;28874;Não;Não;Não;BOLETIM DE OCORRENCIA / BOS;Classificada;22/03/2020 10:44
2020-09969605-8;22/03/2020 10:04;RUA LUIS RABELO / RUA JESUS JOTA - DIVINOPOLIS;-201.581.225;-448.711.697;E01268 - INFRACAO DE MEDIDA SANITARIA PREVENTIVA (C) (Prioridade: 3 - Baixa);142 CIA PM/23 BPM/7 RPM;28655;Não;Não;Não;BOLETIM DE OCORRENCIA / BOS;Classificada;22/03/2020 10:44
2020-09969647-8;22/03/2020 10:11;AVENIDA OVIDIO ABREU, Nº S/N - VILA ROMUALDO PEREIRA DA SILVA - PARA DE MINAS;-198.799.648;-446.052.604;Y11011 - APOIO A OUTROS ORGAOS (C) (Prioridade: 3 - Baixa);19 CIA PM IND/7 RPM;28084;Não;Não;Não;RAT;Classificada;22/03/2020 17:41
2020-09969769-5;22/03/2020 10:24;RUA CARAGUATATUBA, Nº 100 - JARDIM CANDELARIA - DIVINOPOLIS;-201.031.083;-448.748.446;E01268 - INFRACAO DE MEDIDA SANITARIA PREVENTIVA (C) (Prioridade: 3 - Baixa);23 BPM/7 RPM;28879 / INTENDENTE;Não;Não;Não;BOLETIM DE OCORRENCIA / BOS;Classificada;22/03/2020 12:30
2020-09969810-7;22/03/2020 10:30;RUA JOAO DE BARRO, Nº 180 - SERRA VERDE - DIVINOPOLIS;-201.116.405;-449.015.257;E01268 - INFRACAO DE MEDIDA SANITARIA PREVENTIVA (C) (Prioridade: 3 - Baixa);53 CIA PM/23 BPM/7 RPM;28710;Não;Não;Não;BOLETIM DE OCORRENCIA / BOS;Classificada;22/03/2020 11:12
2020-09970337-8;22/03/2020 11:42;POVOADO CORREGO DO PAIOL, Nº S/N - DIVINOPOLIS;-201.957.855;-448.676.485;E01268 - INFRACAO DE MEDIDA SANITARIA PREVENTIVA (C) (Prioridade: 3 - Baixa);142 CIA PM/23 BPM/7 RPM;28086 / 26041 / 26535 / 24346;Não;Não;Não;BOLETIM DE OCORRENCIA / BOS;Classificada;22/03/2020 17:02
2020-09970343-0;22/03/2020 11:42;RUA JONATHAN ROBERT FERNANDES, Nº 41 - VILA DAS ROSEIRAS - DIVINOPOLIS;-201.742.491;-448.455.348;E01268 - INFRACAO DE MEDIDA SANITARIA PREVENTIVA (C) (Prioridade: 3 - Baixa);7 CIA PM IND PE/7 RPM;28855-CMD / 28859;Não;Não;Não;W04000-NADA CONSTATADO;Classificada;22/03/2020 16:01
2020-09970410-6;22/03/2020 11:48;RUA JOAO SEVERINO DE AZEVEDO, Nº 2153 - NACOES - DIVINOPOLIS;;;E01268 - INFRACAO DE MEDIDA SANITARIA PREVENTIVA (C) (Prioridade: 3 - Baixa);23 BPM/7 RPM;28881 / PM1500214;Não;Não;Não;BOLETIM DE OCORRENCIA / BOS;Classificada;22/03/2020 13:13
2020-09970632-8;22/03/2020 12:22;RUA FLAMBOYANT, Nº 90 - PRIMAVERA - DIVINOPOLIS;-201.339.792;-448.549.909;E01268 - INFRACAO DE MEDIDA SANITARIA PREVENTIVA (C) (Prioridade: 3 - Baixa);142 CIA PM/23 BPM/7 RPM;28693 / 24345-BSC;Não;Não;Não;BOLETIM DE OCORRENCIA / BOS;Classificada;22/03/2020 15:59
2020-09970814-5;22/03/2020 12:52;RUA NOE SOARES, Nº 420 - CHANADOUR - DIVINOPOLIS;-20.177.204;-449.136.578;E01268 - INFRACAO DE MEDIDA SANITARIA PREVENTIVA (C) (Prioridade: 3 - Baixa);139 CIA PM/23 BPM/7 RPM;26493-BSC / 24344;Não;Não;Não;BOLETIM DE OCORRENCIA / BOS;Classificada;22/03/2020 15:29
2020-09970879-0;22/03/2020 13:05;RUA RIO DE JANEIRO / AVENIDA SETE DE SETEMBRO - DIVINOPOLIS;-201.414.095;-44.890.955;E01268 - INFRACAO DE MEDIDA SANITARIA PREVENTIVA (C) (Prioridade: 3 - Baixa);53 CIA PM/23 BPM/7 RPM;28710;Não;Não;Não;BOLETIM DE OCORRENCIA / BOS;Classificada;22/03/2020 13:13
2020-09971046-0;22/03/2020 13:27;RUA MARIA TAVEIRA, Nº 590 - NOSSA SENHORA DO CARMO - CARMO DO CAJURU;-201.951.879;-447.567.197;E01268 - INFRACAO DE MEDIDA SANITARIA PREVENTIVA (C) (Prioridade: 3 - Baixa);3 PEL/142 CIA PM/23 BPM/7 RPM;28495;Não;Não;Não;BOLETIM DE OCORRENCIA / BOS;Classificada;22/03/2020 15:30
2020-09971056-4;22/03/2020 13:32;AVENIDA PARANA, Nº 737 - ARAUJOS;-199.402.343;-451.588.081;A99000 - OUTRAS ACOES DEFESA SOCIAL (C) (Prioridade: 3 - Baixa);2 GP/4 PEL/279 CIA PM/60 BPM/7 RPM;ARAUJOS;Não;Não;Não;BOLETIM DE OCORRENCIA / BOS;Classificada;22/03/2020 13:46
2020-09971105-8;22/03/2020 13:38;RUA JOAO DE BARRO / RUA ARTUR BERNARDES - NOVA FORTALEZA - DIVINOPOLIS;;;E01268 - INFRACAO DE MEDIDA SANITARIA PREVENTIVA (C) (Prioridade: 3 - Baixa);53 CIA PM/23 BPM/7 RPM;26042 / 26500 / 24342;Não;Não;Não;BOLETIM DE OCORRENCIA / BOS;Classificada;22/03/2020 14:59
2020-09971157-1;22/03/2020 13:47;RUA MESTRE PEDRO DA SILVA, Nº 130 - ESPLANADA - DIVINOPOLIS;-201.533.653;-448.921.429;E01268 - INFRACAO DE MEDIDA SANITARIA PREVENTIVA (C) (Prioridade: 3 - Baixa);139 CIA PM/23 BPM/7 RPM;;Não;Não;Não;DISPEN-DISPENSADA PELO SOLICITANTE;Classificada;22/03/2020 14:05
2020-09971337-3;22/03/2020 14:10;RUA IPATINGA, Nº 375 - IPIRANGA - DIVINOPOLIS;-201.384.967;-449.065.104;E01268 - INFRACAO DE MEDIDA SANITARIA PREVENTIVA (C) (Prioridade: 3 - Baixa);23 BPM/7 RPM;28881 / 24343;Não;Não;Não;BOLETIM DE OCORRENCIA / BOS;Classificada;22/03/2020 15:30
2020-09971369-0;22/03/2020 14:19;RUA SANTA CATARINA / RUA MINAS GERAIS - DIVINOPOLIS;-201.408.357;-449.004.783;E01268 - INFRACAO DE MEDIDA SANITARIA PREVENTIVA (C) (Prioridade: 3 - Baixa);53 CIA PM/23 BPM/7 RPM;26498 / 26505;Não;Não;Não;BOLETIM DE OCORRENCIA / BOS;Classificada;22/03/2020 14:58
2020-09971649-6;22/03/2020 14:37;RUA IPIRANGA, Nº 211 - MANOEL VALINHAS - DIVINOPOLIS;-201.305.702;-448.752.826;E01268 - INFRACAO DE MEDIDA SANITARIA PREVENTIVA (C) (Prioridade: 3 - Baixa);53 CIA PM/23 BPM/7 RPM;28881;Não;Não;Não;BOLETIM DE OCORRENCIA / BOS;Classificada;22/03/2020 16:32
2020-09971736-9;22/03/2020 14:46;AVENIDA BRIGADEIRO EDUARDO GOMES / RUA RAFAEL GIMENES - DIVINOPOLIS;-201.822.551;-448.800.058;E01268 - INFRACAO DE MEDIDA SANITARIA PREVENTIVA (C) (Prioridade: 3 - Baixa);142 CIA PM/23 BPM/7 RPM;26041 / 26535 / 28686 / 24346;Não;Não;Não;BOLETIM DE OCORRENCIA / BOS;Classificada;22/03/2020 17:31
2020-09971738-4;22/03/2020 14:47;RUA VINTE E TRES DE NOVEMBRO, Nº 118 - SAO JOAO DE DEUS - DIVINOPOLIS;-201.444.602;-448.749.068;E01268 - INFRACAO DE MEDIDA SANITARIA PREVENTIVA (C) (Prioridade: 3 - Baixa);142 CIA PM/23 BPM/7 RPM;21119;Não;Não;Não;BOLETIM DE OCORRENCIA / BOS;Classificada;22/03/2020 17:42
2020-09971779-1;22/03/2020 14:50;PRACA JUSCELINO KUBITSCHEK, Nº 70 - CENTRO - SAO GONCALO DO PARA;-199.819.941;-448.583.029;A99000 - OUTRAS ACOES DEFESA SOCIAL (C) (Prioridade: 3 - Baixa);142 CIA PM/23 BPM/7 RPM;28086;Não;Não;Não;BOLETIM DE OCORRENCIA / BOS;Classificada;22/03/2020 14:50
2020-09972175-9;22/03/2020 15:24;RUA BOM SUCESSO, Nº S/N - INTERLAGOS - DIVINOPOLIS;-201.577.883;-448.777.265;E01268 - INFRACAO DE MEDIDA SANITARIA PREVENTIVA (C) (Prioridade: 3 - Baixa);142 CIA PM/23 BPM/7 RPM;26041 / 26535;Não;Não;Não;BOLETIM DE OCORRENCIA / BOS;Classificada;22/03/2020 15:50
2020-09972563-8;22/03/2020 15:59;RUA PIO XII, Nº 240 - VILA ROMANA - DIVINOPOLIS;-201.136.668;-448.673.649;E01268 - INFRACAO DE MEDIDA SANITARIA PREVENTIVA (C) (Prioridade: 3 - Baixa);142 CIA PM/23 BPM/7 RPM;28874 / 26541-BSC / 26545-BSC / 21199;Não;Não;Não;BOLETIM DE OCORRENCIA / BOS;Classificada;22/03/2020 20:07
2020-09972763-7;22/03/2020 16:16;RUA ENGENHEIRO BENJAMIN DE OLIVEIRA, Nº 180 - ESPLANADA - DIVINOPOLIS;-201.515.122;-448.913.465;E01268 - INFRACAO DE MEDIDA SANITARIA PREVENTIVA (C) (Prioridade: 3 - Baixa);139 CIA PM/23 BPM/7 RPM;28733 / 24344;Não;Não;Não;BOLETIM DE OCORRENCIA / BOS;Classificada;22/03/2020 16:47
2020-09972772-8;22/03/2020 16:17;RUA FORTALEZA / AVENIDA SETE DE SETEMBRO - DIVINOPOLIS;-201.268.851;-448.854.126;E01268 - INFRACAO DE MEDIDA SANITARIA PREVENTIVA (C) (Prioridade: 3 - Baixa);53 CIA PM/23 BPM/7 RPM;26042 / 26500;Não;Não;Não;BOLETIM DE OCORRENCIA / BOS;Classificada;22/03/2020 16:46
2020-09972829-3;22/03/2020 16:24;PRACA FRANCISCO RESENDE COSTA, Nº S/N - PORTO VELHO - DIVINOPOLIS;-201.513.974;-448.864.416;E01268 - INFRACAO DE MEDIDA SANITARIA PREVENTIVA (C) (Prioridade: 3 - Baixa);142 CIA PM/23 BPM/7 RPM;26041 / 26535;Não;Não;Não;BOLETIM DE OCORRENCIA / BOS;Classificada;22/03/2020 17:38
2020-09972963-6;22/03/2020 16:33;RUA JOSE DEMETRIO COELHO, Nº 148 - CENTRO - CARMO DO CAJURU;-201.845.992;-447.760.726;E01268 - INFRACAO DE MEDIDA SANITARIA PREVENTIVA (C) (Prioridade: 3 - Baixa);3 PEL/142 CIA PM/23 BPM/7 RPM;16785;Não;Não;Não;BOLETIM DE OCORRENCIA / BOS;Classificada;22/03/2020 17:42
2020-09973066-9;22/03/2020 16:47;RUA JOSE EVARISTO CARVALHO, Nº 490 - GRAO PARA - PARA DE MINAS;-198.345.089;-446.307.126;A05000 - AVERIGUA PESSOA / VEICULO EM ATITUDE SUSPEITA (C) (Prioridade: 1 - Alta);19 CIA PM IND/7 RPM;17697 / 20285;Não;Não;Não;BOLETIM DE OCORRENCIA / BOS;Classificada;22/03/2020 17:41
2020-09973273-3;22/03/2020 17:03;RUA VEREADOR ILDEU ALVES FERREIRA, Nº 210 - PARA DE MINAS;-198.630.209;-445.971.219;E08042 - PERTURBACAO DO TRABALHO OU DO SOSSEGO ALHEIOS (C) (Prioridade: 3 - Baixa);19 CIA PM IND/7 RPM;21939 / 20285;Não;Não;Não;W03000-SOLICITANTE ENCONTRADO - PROVIDENCIA DISPENSADA.;Classificada;22/03/2020 17:41
2020-09973384-4;22/03/2020 17:13;AVENIDA PARANA, Nº 2641 - MORADA NOVA - DIVINOPOLIS;-201.686.315;-449.095.459;E01268 - INFRACAO DE MEDIDA SANITARIA PREVENTIVA (C) (Prioridade: 3 - Baixa);139 CIA PM/23 BPM/7 RPM;28792;Não;Não;Não;BOLETIM DE OCORRENCIA / BOS;Classificada;22/03/2020 18:10
2020-09973401-1;22/03/2020 17:14;RUA ITARARE, Nº 520 - ICARAI - DIVINOPOLIS;-201.174.891;-448.509.091;E01268 - INFRACAO DE MEDIDA SANITARIA PREVENTIVA (C) (Prioridade: 3 - Baixa);142 CIA PM/23 BPM/7 RPM;28874 / 21119;Não;Não;Não;BOLETIM DE OCORRENCIA / BOS;Classificada;22/03/2020 18:00
2020-09973379-4;22/03/2020 17:14;PRACA IRMA ALBUQUERQUE, Nº S/N - CENTRO - BOM DESPACHO;-197.337.204;-452.507.341;Q03011 - ESCOLTAS DIVERSAS (C) (Prioridade: 2 - Média);COPOM/7 BPM/7 RPM;28072;Não;Não;Não;BOLETIM DE OCORRENCIA / BOS;Classificada;22/03/2020 18:32
2020-09973608-0;22/03/2020 17:33;RUA MAMEDE NOGUEIRA, Nº 10 - PADRE LIBERIO - NOVA SERRANA;;;A99000 - OUTRAS ACOES DEFESA SOCIAL (C) (Prioridade: 3 - Baixa);1 GP/3 PEL/280 CIA PM/60 BPM/7 RPM;PITANGUI;Não;Não;Não;BOLETIM DE OCORRENCIA / BOS;Classificada;22/03/2020 17:50
2020-09973627-4;22/03/2020 17:33;RUA PAULINO ROSA, Nº 41 - REALENGO - DIVINOPOLIS;-201.828.071;-449.043.047;E01268 - INFRACAO DE MEDIDA SANITARIA PREVENTIVA (C) (Prioridade: 3 - Baixa);139 CIA PM/23 BPM/7 RPM;28733 / 24344;Não;Não;Não;BOLETIM DE OCORRENCIA / BOS;Classificada;22/03/2020 18:06
2020-09973652-1;22/03/2020 17:33;AVENIDA ANTONIO NETO, Nº 1820 - DANILO PASSOS I - DIVINOPOLIS;-201.189.384;-448.742.932;E01268 - INFRACAO DE MEDIDA SANITARIA PREVENTIVA (C) (Prioridade: 3 - Baixa);142 CIA PM/23 BPM/7 RPM;;Não;Não;Não;W04000-NADA CONSTATADO;Classificada;22/03/2020 19:44
2020-09973658-8;22/03/2020 17:36;RUA ANTONIO PRAXEDES, Nº 212 - NOSSA SENHORA DAS GRAÇAS - PARA DE MINAS;-198.684.903;-446.063.604;A05000 - AVERIGUA PESSOA / VEICULO EM ATITUDE SUSPEITA (C) (Prioridade: 1 - Alta);19 CIA PM IND/7 RPM;21939;Não;Não;Não;W04000-NADA CONSTATADO;Classificada;23/03/2020 04:21
2020-09973725-3;22/03/2020 17:41;AVENIDA PARANA, Nº 839 - CATALAO - DIVINOPOLIS;;;E01268 - INFRACAO DE MEDIDA SANITARIA PREVENTIVA (C) (Prioridade: 3 - Baixa);139 CIA PM/23 BPM/7 RPM;28733 / 26493-BSC / 26540-BSC;Não;Não;Não;BOLETIM DE OCORRENCIA / BOS;Classificada;22/03/2020 19:48
2020-09973774-9;22/03/2020 17:44;PRACA DOS INCONFIDENTES - DA PROVIDENCIA - PARA DE MINAS;;;A05000 - AVERIGUA PESSOA / VEICULO EM ATITUDE SUSPEITA (C) (Prioridade: 1 - Alta);19 CIA PM IND/7 RPM;21939;Não;Não;Não;W04000-NADA CONSTATADO;Classificada;23/03/2020 04:23
2020-09973947-5;22/03/2020 17:59;PRACA PADRE JOSE PEREIRA COELHO, Nº S/N - CENTRO - PARA DE MINAS;-198.608.953;-446.086.256;A05000 - AVERIGUA PESSOA / VEICULO EM ATITUDE SUSPEITA (C) (Prioridade: 1 - Alta);19 CIA PM IND/7 RPM;21939;Não;Não;Não;BOLETIM DE OCORRENCIA / BOS;Classificada;23/03/2020 05:10
2020-09974201-8;22/03/2020 18:19;AVENIDA MONTE LIBANO, Nº 60 - HALIM SOUKI - DIVINOPOLIS;-201.327.178;-448.657.569;E01268 - INFRACAO DE MEDIDA SANITARIA PREVENTIVA (C) (Prioridade: 3 - Baixa);142 CIA PM/23 BPM/7 RPM;28874 / 26041 / 26535 / 28686 / 21199;Não;Não;Não;BOLETIM DE OCORRENCIA / BOS;Classificada;22/03/2020 19:31
2020-09974207-4;22/03/2020 18:21;RUA VICENTE DIAS BARBOSA, Nº 1297 - CENTRO - CARMO DO CAJURU;-2.019.011;-447.662.207;E01268 - INFRACAO DE MEDIDA SANITARIA PREVENTIVA (C) (Prioridade: 3 - Baixa);3 PEL/142 CIA PM/23 BPM/7 RPM;25669;Não;Não;Não;BOLETIM DE OCORRENCIA / BOS;Classificada;22/03/2020 18:55
2020-09974221-5;22/03/2020 18:22;AVENIDA JOSE ALVES MARTINS, Nº 20 - SANTOS DUMONT - DIVINOPOLIS;-201.736.422;-448.778.586;E01268 - INFRACAO DE MEDIDA SANITARIA PREVENTIVA (C) (Prioridade: 3 - Baixa);142 CIA PM/23 BPM/7 RPM;28686 / 24346;Não;Não;Não;BOLETIM DE OCORRENCIA / BOS;Classificada;22/03/2020 19:08
2020-09974288-6;22/03/2020 18:29;RUA SANTO ANTONIO DO MONTE, Nº 5 - ROSARIO - BOM DESPACHO;-197.437.339;-452.636.968;A99000 - OUTRAS ACOES DEFESA SOCIAL (C) (Prioridade: 3 - Baixa);COPOM/7 BPM/7 RPM;28072 / 28587;Não;Não;Não;BOLETIM DE OCORRENCIA / BOS;Classificada;22/03/2020 22:04
2020-09974510-2;22/03/2020 18:48;RUA CALIFORNIA, Nº 60 - DISTRITO DE MARILANDIA - ITAPECERICA;-203.581.492;-449.333.312;A21000 - ACOES PREVENTIVAS (C) (Prioridade: 3 - Baixa);290 CIA PM/63 BPM/7 RPM;28580;Não;Não;Não;BOLETIM DE OCORRENCIA / BOS;Classificada;22/03/2020 19:58
2020-09974702-3;22/03/2020 19:04;RUA CAPITAO TEIXEIRA, Nº 115 - NOSSA SENHORA DAS GRAÇAS - PARA DE MINAS;;;A05000 - AVERIGUA PESSOA / VEICULO EM ATITUDE SUSPEITA (C) (Prioridade: 1 - Alta);19 CIA PM IND/7 RPM;21939;Não;Não;Não;W04000-NADA CONSTATADO;Classificada;23/03/2020 04:22
2020-09975204-1;22/03/2020 19:45;AVENIDA ANA ROSA, Nº S/N - ANA ROSA - BOM DESPACHO;-197.395.756;-452.427.428;A99000 - OUTRAS ACOES DEFESA SOCIAL (C) (Prioridade: 3 - Baixa);COPOM/7 BPM/7 RPM;28606 / 28735;Não;Não;Não;BOLETIM DE OCORRENCIA / BOS;Classificada;23/03/2020 06:36
2020-09975815-5;22/03/2020 20:40;FAZENDA RUA VAL DAS FLORES, Nº 120 - MORADA NOVA DE MINAS;;;U50002 - RECLAMACAO ATUACAO SERV OPERACIONAL ORG DEFSOCIAL  (C) (Prioridade: 3 - Baixa);141 CIA PM/7 BPM/7 RPM;20892;Não;Não;Não;BOLETIM DE OCORRENCIA / BOS;Classificada;22/03/2020 21:18
2020-09976041-4;22/03/2020 20:59;AVENIDA JOSE BERNARDES MACIEL / RUA AMAZONAS - LAGOA DA PRATA;-200.262.091;-455.289.055;A99000 - OUTRAS ACOES DEFESA SOCIAL (C) (Prioridade: 3 - Baixa);107 CIA PM/7 BPM/7 RPM;21355;Não;Não;Não;BOLETIM DE OCORRENCIA / BOS;Classificada;22/03/2020 21:48
2020-09976208-8;22/03/2020 21:13;RUA ANTONIO PEDRO DA SILVA, Nº 282 - PROLONGAMENTO JEFERSON BATISTA DE FREITAS - NOVA SERRANA;-198.659.705;-450.035.847;E01268 - INFRACAO DE MEDIDA SANITARIA PREVENTIVA (C) (Prioridade: 3 - Baixa);60 BPM/7 RPM;RP02-29296;Não;Não;Não;BOLETIM DE OCORRENCIA / BOS;Classificada;22/03/2020 22:18
2020-09976255-8;22/03/2020 21:19;RUA JK, Nº 175 - POVOADO CHAPADA - MOEMA;;;E01268 - INFRACAO DE MEDIDA SANITARIA PREVENTIVA (C) (Prioridade: 3 - Baixa);COPOM/7 BPM/7 RPM;28081;Não;Não;Não;BOLETIM DE OCORRENCIA / BOS;Classificada;23/03/2020 00:07
2020-09976283-3;22/03/2020 21:21;RUA TIRADENTES, Nº 130 - POVOADO CHAPADA - MOEMA;;;E01268 - INFRACAO DE MEDIDA SANITARIA PREVENTIVA (C) (Prioridade: 3 - Baixa);COPOM/7 BPM/7 RPM;28081;Não;Não;Não;BOLETIM DE OCORRENCIA / BOS;Classificada;23/03/2020 06:36
2020-09976495-1;22/03/2020 21:43;RUA ANTONIO GONTIJO DE AZEVEDO, Nº 271 - DAVANUZE - DIVINOPOLIS;-201.644.566;-448.463.424;E01268 - INFRACAO DE MEDIDA SANITARIA PREVENTIVA (C) (Prioridade: 3 - Baixa);142 CIA PM/23 BPM/7 RPM;24346;Não;Não;Não;BOLETIM DE OCORRENCIA / BOS;Classificada;22/03/2020 21:44
2020-09976955-0;22/03/2020 22:29;POVOADO BOA VISTA, Nº S/N - DIVINOPOLIS;-202.331.405;-448.835.677;E01268 - INFRACAO DE MEDIDA SANITARIA PREVENTIVA (C) (Prioridade: 3 - Baixa);142 CIA PM/23 BPM/7 RPM;;Não;Não;Não;W11000-DISPENSADA PELO COMANDANTE DAS OPERACOES;Classificada;23/03/2020 00:50
2020-09978787-8;23/03/2020 04:59;AVENIDA ANTONIO OLIMPIO DE MORAIS / RUA CORONEL JOAO NOTINI - DIVINOPOLIS;-201.403.244;-448.873.205;E01268 - INFRACAO DE MEDIDA SANITARIA PREVENTIVA (C) (Prioridade: 3 - Baixa);53 CIA PM/23 BPM/7 RPM;28703 / 28879;Não;Não;Não;BOLETIM DE OCORRENCIA / BOS;Classificada;23/03/2020 05:10
2020-09979235-7;23/03/2020 07:27;RUA CASCALHO RICO, Nº 682 - SAO JOSE - DIVINOPOLIS;-20.157.941;-449.063.775;E01268 - INFRACAO DE MEDIDA SANITARIA PREVENTIVA (C) (Prioridade: 3 - Baixa);139 CIA PM/23 BPM/7 RPM;28733;Não;Não;Não;BOLETIM DE OCORRENCIA / BOS;Classificada;23/03/2020 10:08
2020-09979285-5;23/03/2020 07:36;AVENIDA AMAZONAS, Nº 808 - CENTRO - DIVINOPOLIS;-201.406.956;-448.956.817;E01268 - INFRACAO DE MEDIDA SANITARIA PREVENTIVA (C) (Prioridade: 3 - Baixa);53 CIA PM/23 BPM/7 RPM;28880;Não;Não;Não;BOLETIM DE OCORRENCIA / BOS;Classificada;23/03/2020 09:09
2020-09979322-0;23/03/2020 07:42;RUA BAHIA, Nº 700 - CENTRO - DIVINOPOLIS;;;A05000 - AVERIGUA PESSOA / VEICULO EM ATITUDE SUSPEITA (C) (Prioridade: 1 - Alta);53 CIA PM/23 BPM/7 RPM;28703;Não;Não;Não;BOLETIM DE OCORRENCIA / BOS;Classificada;23/03/2020 09:00
2020-09979533-5;23/03/2020 08:06;POVOADO QUILOMBO DO GAIA, Nº S/N - SAO GONCALO DO PARA;-198.775.991;-448.532.271;Y15010 - ACAO/OPERACAO EM ZONA RURAL (C) (Prioridade: 3 - Baixa);3 PEL/142 CIA PM/23 BPM/7 RPM;28086;Não;Não;Não;RAT;Classificada;23/03/2020 11:23
2020-09979640-5;23/03/2020 08:18;RUA PIAUI, Nº 143 - VILA BELO HORIZONTE - DIVINOPOLIS;-201.453.606;-449.005.264;E01268 - INFRACAO DE MEDIDA SANITARIA PREVENTIVA (C) (Prioridade: 3 - Baixa);53 CIA PM/23 BPM/7 RPM;28880;Não;Não;Não;BOLETIM DE OCORRENCIA / BOS;Classificada;23/03/2020 09:40
2020-09979657-8;23/03/2020 08:21;RUA FAGUNDES VARELA, Nº 790 - SAO JOSE - DIVINOPOLIS;-201.537.778;-449.045.275;E01268 - INFRACAO DE MEDIDA SANITARIA PREVENTIVA (C) (Prioridade: 3 - Baixa);139 CIA PM/23 BPM/7 RPM;;Não;Não;Não;W09000-CANCELADA POR ORDEM DO ORGAO DE COORDENACAO E CONTROL;Classificada;23/03/2020 10:17
2020-09979692-9;23/03/2020 08:25;RUA GOIAS, Nº 850 - CENTRO - DIVINOPOLIS;-201.444.557;-448.929.684;E01268 - INFRACAO DE MEDIDA SANITARIA PREVENTIVA (C) (Prioridade: 3 - Baixa);53 CIA PM/23 BPM/7 RPM;28710;Não;Não;Não;BOLETIM DE OCORRENCIA / BOS;Classificada;23/03/2020 09:48
2020-09979719-3;23/03/2020 08:31;RUA FREI WENCESLAU, Nº S/N - DIVINOPOLIS;-201.139.864;-448.776.802;E01268 - INFRACAO DE MEDIDA SANITARIA PREVENTIVA (C) (Prioridade: 3 - Baixa);53 CIA PM/23 BPM/7 RPM;;Não;Não;Não;W09000-CANCELADA POR ORDEM DO ORGAO DE COORDENACAO E CONTROL;Classificada;23/03/2020 10:18
2020-09979768-9;23/03/2020 08:36;AVENIDA AMAZONAS, Nº 97 - CATALAO - DIVINOPOLIS;-201.498.325;-448.990.782;E01268 - INFRACAO DE MEDIDA SANITARIA PREVENTIVA (C) (Prioridade: 3 - Baixa);139 CIA PM/23 BPM/7 RPM;;Não;Não;Não;W09000-CANCELADA POR ORDEM DO ORGAO DE COORDENACAO E CONTROL;Classificada;23/03/2020 10:20
2020-09979855-1;23/03/2020 08:43;RUA ITAPECERICA, Nº 1415 - JARDIM NOVA AMERICA - DIVINOPOLIS;-201.362.275;-448.971.683;E01268 - INFRACAO DE MEDIDA SANITARIA PREVENTIVA (C) (Prioridade: 3 - Baixa);53 CIA PM/23 BPM/7 RPM;;Não;Não;Não;W09000-CANCELADA POR ORDEM DO ORGAO DE COORDENACAO E CONTROL;Classificada;23/03/2020 10:22
2020-09979891-5;23/03/2020 08:48;RUA BENEDITO GONCALVES, Nº 1501 - DISTRITO INDUSTRIAL CEL JOVELINO RABELO - DIVINOPOLIS;-201.213.506;-448.350.026;E01268 - INFRACAO DE MEDIDA SANITARIA PREVENTIVA (C) (Prioridade: 3 - Baixa);142 CIA PM/23 BPM/7 RPM;28693;Não;Não;Não;BOLETIM DE OCORRENCIA / BOS;Classificada;23/03/2020 09:46
2020-09979903-2;23/03/2020 08:50;RUA DOM PEDRO I, Nº 636 - VILA CRUZEIRO - DIVINOPOLIS;-201.349.995;-448.909.745;E01268 - INFRACAO DE MEDIDA SANITARIA PREVENTIVA (C) (Prioridade: 3 - Baixa);53 CIA PM/23 BPM/7 RPM;28703;Não;Não;Não;BOLETIM DE OCORRENCIA / BOS;Classificada;23/03/2020 09:16
2020-09979920-1;23/03/2020 08:51;RUA PEDRO DE OLIVEIRA, Nº 770 - LEVINDO DE PAULA PEREIRA - DIVINOPOLIS;-201.336.933;-449.108.193;E01268 - INFRACAO DE MEDIDA SANITARIA PREVENTIVA (C) (Prioridade: 3 - Baixa);53 CIA PM/23 BPM/7 RPM;;Não;Não;Não;W09000-CANCELADA POR ORDEM DO ORGAO DE COORDENACAO E CONTROL;Classificada;23/03/2020 09:51
2020-09979975-3;23/03/2020 08:57;RUA PARAIBA, Nº 546 - CENTRO - DIVINOPOLIS;-201.406.121;-448.890.668;E01268 - INFRACAO DE MEDIDA SANITARIA PREVENTIVA (C) (Prioridade: 3 - Baixa);53 CIA PM/23 BPM/7 RPM;;Não;Não;Não;W09000-CANCELADA POR ORDEM DO ORGAO DE COORDENACAO E CONTROL;Classificada;23/03/2020 10:07
2020-09980098-5;23/03/2020 09:10;RUA CASCALHO RICO, Nº 680 - SAO JOSE - DIVINOPOLIS;-201.579.296;-449.063.425;E01268 - INFRACAO DE MEDIDA SANITARIA PREVENTIVA (C) (Prioridade: 3 - Baixa);139 CIA PM/23 BPM/7 RPM;;Não;Não;Não;W09000-CANCELADA POR ORDEM DO ORGAO DE COORDENACAO E CONTROL;Classificada;23/03/2020 10:11
2020-09980129-7;23/03/2020 09:21;RUA ITAMARANDIBA, Nº 420 - BOM PASTOR - DIVINOPOLIS;-201.249.909;-448.882.614;E01268 - INFRACAO DE MEDIDA SANITARIA PREVENTIVA (C) (Prioridade: 3 - Baixa);53 CIA PM/23 BPM/7 RPM;;Não;Não;Não;W09000-CANCELADA POR ORDEM DO ORGAO DE COORDENACAO E CONTROL;Classificada;23/03/2020 10:21
2020-09980285-2;23/03/2020 09:31;RUA RIO DE JANEIRO, Nº 1050 - JARDIM NOVA AMERICA - DIVINOPOLIS;-201.401.385;-448.944.838;E01268 - INFRACAO DE MEDIDA SANITARIA PREVENTIVA (C) (Prioridade: 3 - Baixa);53 CIA PM/23 BPM/7 RPM;;Não;Não;Não;W09000-CANCELADA POR ORDEM DO ORGAO DE COORDENACAO E CONTROL;Classificada;23/03/2020 10:10
2020-09980303-2;23/03/2020 09:32;AVENIDA AUTORAMA, Nº 1160 - SANTA LUZIA - DIVINOPOLIS;-201.561.669;-449.097.332;E01268 - INFRACAO DE MEDIDA SANITARIA PREVENTIVA (C) (Prioridade: 3 - Baixa);139 CIA PM/23 BPM/7 RPM;;Não;Não;Não;W09000-CANCELADA POR ORDEM DO ORGAO DE COORDENACAO E CONTROL;Classificada;23/03/2020 10:20
2020-09980318-0;23/03/2020 09:35;AVENIDA ROSANA NORONHA GUARANY, Nº 2000 - DISTRITO INDUSTRIAL CEL JOVELINO RABELO - DIVINOPOLIS;-201.194.636;-448.406.006;E01268 - INFRACAO DE MEDIDA SANITARIA PREVENTIVA (C) (Prioridade: 3 - Baixa);142 CIA PM/23 BPM/7 RPM;28693;Não;Não;Não;BOLETIM DE OCORRENCIA / BOS;Classificada;23/03/2020 10:25
2020-09980350-2;23/03/2020 09:39;AVENIDA GETULIO VARGAS, Nº 372 - CENTRO - DIVINOPOLIS;-20.145.363;-448.860.428;E01268 - INFRACAO DE MEDIDA SANITARIA PREVENTIVA (C) (Prioridade: 3 - Baixa);53 CIA PM/23 BPM/7 RPM;28710;Não;Não;Não;BOLETIM DE OCORRENCIA / BOS;Classificada;23/03/2020 09:56
2020-09980377-9;23/03/2020 09:41;AVENIDA ANTONIO OLIMPIO DE MORAIS, Nº 2097 - SANTA CLARA - DIVINOPOLIS;-201.296.131;-448.833.588;E01268 - INFRACAO DE MEDIDA SANITARIA PREVENTIVA (C) (Prioridade: 3 - Baixa);53 CIA PM/23 BPM/7 RPM;;Não;Não;Não;W09000-CANCELADA POR ORDEM DO ORGAO DE COORDENACAO E CONTROL;Classificada;23/03/2020 10:18
2020-09980358-4;23/03/2020 09:43;RUA ONZE DE NOVEMBRO, Nº 393 - IPIRANGA - DIVINOPOLIS;-201.371.972;-449.082.642;E01268 - INFRACAO DE MEDIDA SANITARIA PREVENTIVA (C) (Prioridade: 3 - Baixa);53 CIA PM/23 BPM/7 RPM;;Não;Não;Não;W09000-CANCELADA POR ORDEM DO ORGAO DE COORDENACAO E CONTROL;Classificada;23/03/2020 10:17
2020-09980429-0;23/03/2020 09:48;RUA FERROVIARIO ANISIO VIRIATO, Nº 300 - MORADA NOVA - DIVINOPOLIS;-201.691.861;-449.196.555;E01268 - INFRACAO DE MEDIDA SANITARIA PREVENTIVA (C) (Prioridade: 3 - Baixa);139 CIA PM/23 BPM/7 RPM;;Não;Não;Não;W09000-CANCELADA POR ORDEM DO ORGAO DE COORDENACAO E CONTROL;Classificada;23/03/2020 10:08
2020-09980449-8;23/03/2020 09:51;AVENIDA VINTE E UM DE ABRIL, Nº 504 - CENTRO - DIVINOPOLIS;-201.451.202;-448.903.588;E01268 - INFRACAO DE MEDIDA SANITARIA PREVENTIVA (C) (Prioridade: 3 - Baixa);53 CIA PM/23 BPM/7 RPM;28710;Não;Não;Não;BOLETIM DE OCORRENCIA / BOS;Classificada;23/03/2020 10:05
2020-09980730-3;23/03/2020 10:16;AVENIDA JK, Nº 400 - SANTA CLARA - DIVINOPOLIS;-201.334.621;-448.828.253;X01000 - SUPERVISAO (C) (Prioridade: 3 - Baixa);23 BPM/7 RPM;28498;Não;Não;Não;RAT;Classificada;24/03/2020 06:02
2020-09980798-7;23/03/2020 10:27;AVENIDA GOVERNADOR MAGALHAES PINTO, Nº 415 - NITEROI - DIVINOPOLIS;-201.393.508;-448.756.394;X01000 - SUPERVISAO (C) (Prioridade: 3 - Baixa);142 CIA PM/23 BPM/7 RPM;28497;Não;Não;Não;RAT;Classificada;24/03/2020 07:39
2020-09981317-2;23/03/2020 11:16;RUA JESUS JOTA, Nº 1981 - NACOES - DIVINOPOLIS;-201.567.266;-448.591.662;E01268 - INFRACAO DE MEDIDA SANITARIA PREVENTIVA (C) (Prioridade: 3 - Baixa);142 CIA PM/23 BPM/7 RPM;28655;Não;Não;Não;BOLETIM DE OCORRENCIA / BOS;Classificada;23/03/2020 11:46
2020-09981394-3;23/03/2020 11:20;AVENIDA BRASIL, Nº 70 - ICARAI - DIVINOPOLIS;-201.139.561;-448.528.342;Y07001 - OPERACAO DE BATIDA POLICIAL (C) (Prioridade: 3 - Baixa);7 CIA PM IND PE/7 RPM;20176;Não;Não;Não;RAT;Classificada;23/03/2020 16:03
2020-09981806-9;23/03/2020 12:08;RUA MAURO COSTA / ALAMEDA RIO CAIAPO - DIVINOPOLIS;-201.405.161;-449.192.009;E01268 - INFRACAO DE MEDIDA SANITARIA PREVENTIVA (C) (Prioridade: 3 - Baixa);139 CIA PM/23 BPM/7 RPM;28733 / 28793;Não;Não;Não;BOLETIM DE OCORRENCIA / BOS;Classificada;23/03/2020 13:00
2020-09982370-0;23/03/2020 13:26;RUA DOUTOR TEIXEIRA SOARES, Nº 150 - JARDIM AMERICA - FORMIGA;-204.622.299;-454.248.537;Y12014 - APOIO A OUTROS ORGAOS (C) (Prioridade: 3 - Baixa);63 BPM/7 RPM;S.WEKISLEI;Não;Não;Não;RAT;Classificada;23/03/2020 15:09
2020-09982562-1;23/03/2020 13:47;RUA CARATINGA / RUA LAVRAS - DIVINOPOLIS;-201.574.389;-448.974.635;E01268 - INFRACAO DE MEDIDA SANITARIA PREVENTIVA (C) (Prioridade: 3 - Baixa);139 CIA PM/23 BPM/7 RPM;28733;Não;Não;Não;BOLETIM DE OCORRENCIA / BOS;Classificada;23/03/2020 14:18
2020-09983038-0;23/03/2020 14:35;PRACA NELSON PELEGRINO, Nº S/N - BOM PASTOR - DIVINOPOLIS;-201.246.489;-448.857.995;E01268 - INFRACAO DE MEDIDA SANITARIA PREVENTIVA (C) (Prioridade: 3 - Baixa);53 CIA PM/23 BPM/7 RPM;26500-BSC / 26042-BSC;Não;Não;Não;BOLETIM DE OCORRENCIA / BOS;Classificada;23/03/2020 16:10
2020-09983130-2;23/03/2020 14:39;AVENIDA ANTONIO OLIMPIO DE MORAIS, Nº 545 - CENTRO - DIVINOPOLIS;-20.143.232;-448.884.931;X01000 - SUPERVISAO (C) (Prioridade: 3 - Baixa);23 BPM/7 RPM;28498;Não;Não;Não;RAT;Classificada;24/03/2020 07:40
2020-09983312-0;23/03/2020 14:52;PRACA PRESIDENTE VARGAS, Nº 100 - CENTRO - CARMO DO CAJURU;-201.841.341;-447.750.641;X01000 - SUPERVISAO (C) (Prioridade: 3 - Baixa);142 CIA PM/23 BPM/7 RPM;28497;Não;Não;Não;RAT;Classificada;24/03/2020 06:01
2020-09983848-0;23/03/2020 15:39;RUA BARAO PIUMHI, Nº 121 - CENTRO - FORMIGA;-204.645.294;-454.291.475;A19000 - REUNIAO COMUNITARIA / ENTIDADES DIVERSAS (C) (Prioridade: 3 - Baixa);63 BPM/7 RPM;TC-GOTELIP;Não;Não;Não;BOLETIM DE OCORRENCIA / BOS;Classificada;23/03/2020 17:08
2020-09983973-1;23/03/2020 15:45;RUA DO CHUMBO, Nº 490 - NITEROI - DIVINOPOLIS;-201.422.323;-448.753.231;E01268 - INFRACAO DE MEDIDA SANITARIA PREVENTIVA (C) (Prioridade: 3 - Baixa);142 CIA PM/23 BPM/7 RPM;28874;Não;Não;Não;BOLETIM DE OCORRENCIA / BOS;Classificada;23/03/2020 16:12
2020-09984024-0;23/03/2020 15:49;RUA GOIAS, Nº 560 - CENTRO - DIVINOPOLIS;-201.453.235;-448.903.105;X01000 - SUPERVISAO (C) (Prioridade: 3 - Baixa);240 CIA TM/23 BPM/7 RPM;28861;Não;Não;Não;RAT;Classificada;24/03/2020 07:40
2020-09984044-8;23/03/2020 15:53;AVENIDA AVENIDA SAO VICENTE, Nº 287 - CENTRO - BOM DESPACHO;;;K99000 - OUTRAS INFRACOES DEMAIS LEIS ESPECIAIS  (C) (Prioridade: 3 - Baixa);COPOM/7 BPM/7 RPM;28735;Não;Não;Não;BOLETIM DE OCORRENCIA / BOS;Classificada;23/03/2020 17:08
2020-09984548-1;23/03/2020 16:35;AVENIDA PADRE JOSE VIEGAS, Nº 597 - RECANTO DA LAGOA - PARA DE MINAS;-198.752.971;-445.772.039;Y11011 - APOIO A OUTROS ORGAOS (C) (Prioridade: 3 - Baixa);19 CIA PM IND/7 RPM;PM1651124;Não;Não;Não;RAT;Classificada;23/03/2020 16:36
2020-09984670-5;23/03/2020 16:45;AVENIDA BELA VISTA, Nº 480 - SANTA HELENA - LAGOA DA PRATA;-200.349.293;-455.293.446;T10161 - APLICACAO  MEDIDAS ADM PREVISTAS NO ARTIGO 269 DO CTB (C) (Prioridade: 3 - Baixa);107 CIA PM/7 BPM/7 RPM;25135;Não;Não;Não;BOLETIM DE OCORRENCIA / BOS;Classificada;24/03/2020 05:57
2020-09985633-4;23/03/2020 18:08;PRACA MATRIZ, Nº S/N - CENTRO - BOM DESPACHO;-197.371.667;-45.251.554;Y11011 - APOIO A OUTROS ORGAOS (C) (Prioridade: 3 - Baixa);COPOM/7 BPM/7 RPM;19946;Não;Não;Não;RAT;Classificada;23/03/2020 21:45
2020-09985782-4;23/03/2020 18:21;RUA SAO DIMAS, Nº S/N - SAO JOSE - BOM DESPACHO;-197.494.192;-452.534.263;A99000 - OUTRAS ACOES DEFESA SOCIAL (C) (Prioridade: 3 - Baixa);COPOM/7 BPM/7 RPM;19946;Não;Não;Não;BOLETIM DE OCORRENCIA / BOS;Classificada;23/03/2020 19:00
2020-09986504-7;23/03/2020 19:30;RUA CAPITAO JAIME GOTELIP, Nº 285 - VILA AURORA - BOM DESPACHO;;;A99000 - OUTRAS ACOES DEFESA SOCIAL (C) (Prioridade: 3 - Baixa);COPOM/7 BPM/7 RPM;19946;Não;Não;Não;BOLETIM DE OCORRENCIA / BOS;Classificada;23/03/2020 20:01
2020-09986693-1;23/03/2020 19:46;POVOADO LIMAS DE IGARATINGA, Nº S/N - IGARATINGA;-198.901.676;-447.998.732;Y15010 - ACAO/OPERACAO EM ZONA RURAL (C) (Prioridade: 3 - Baixa);19 CIA PM IND/7 RPM;28625;Não;Não;Não;RAT;Classificada;24/03/2020 05:27
2020-09986776-7;23/03/2020 19:55;RUA SERGIPE, Nº 3112 - ORION - DIVINOPOLIS;-201.400.061;-449.136.673;E01268 - INFRACAO DE MEDIDA SANITARIA PREVENTIVA (C) (Prioridade: 3 - Baixa);53 CIA PM/23 BPM/7 RPM;28880;Não;Não;Não;BOLETIM DE OCORRENCIA / BOS;Classificada;23/03/2020 22:09
2020-09986810-3;23/03/2020 19:59;RUA GERALDO XAVIER, Nº S/N - BOM DESPACHO;;;E01268 - INFRACAO DE MEDIDA SANITARIA PREVENTIVA (C) (Prioridade: 3 - Baixa);COPOM/7 BPM/7 RPM;19946;Não;Não;Não;W04000-NADA CONSTATADO;Classificada;23/03/2020 20:09
2020-09987248-4;23/03/2020 20:41;POVOADO MATINHA, Nº S/N - PARA DE MINAS;-199.335;-44.533.858;Y15010 - ACAO/OPERACAO EM ZONA RURAL (C) (Prioridade: 3 - Baixa);19 CIA PM IND/7 RPM;28625;Não;Não;Não;RAT;Classificada;24/03/2020 05:28
2020-09987298-2;23/03/2020 20:45;RUA DONA TINUCA, Nº 112 - SANTA LUCIA UM - BOM DESPACHO;;;E01268 - INFRACAO DE MEDIDA SANITARIA PREVENTIVA (C) (Prioridade: 3 - Baixa);COPOM/7 BPM/7 RPM;19946;Não;Não;Não;BOLETIM DE OCORRENCIA / BOS;Classificada;23/03/2020 20:51
2020-09989371-1;24/03/2020 01:56;AVENIDA BRIGADEIRO EDUARDO GOMES, Nº 761 - TERRA AZUL - DIVINOPOLIS;-20.182.629;-448.803.849;A05000 - AVERIGUA PESSOA / VEICULO EM ATITUDE SUSPEITA (C) (Prioridade: 1 - Alta);240 CIA TM/23 BPM/7 RPM;28861 / 28710;Não;Não;Não;BOLETIM DE OCORRENCIA / BOS;Classificada;24/03/2020 02:53
2020-09989987-9;24/03/2020 06:51;AVENIDA VINTE E UM DE ABRIL, Nº 2450 - SANTA CLARA - DIVINOPOLIS;-201.284.135;-44.884.081;E01268 - INFRACAO DE MEDIDA SANITARIA PREVENTIVA (C) (Prioridade: 3 - Baixa);53 CIA PM/23 BPM/7 RPM;28703;Não;Não;Não;BOLETIM DE OCORRENCIA / BOS;Classificada;24/03/2020 08:08
2020-09990024-5;24/03/2020 07:03;AVENIDA FERNAO DIAS, Nº 2156 - SOL NASCENTE - LAGOA DA PRATA;-200.468.935;-455.226.289;Y05018 - APOIO A OUTROS ORGAOS (C) (Prioridade: 3 - Baixa);107 CIA PM/7 BPM/7 RPM;24679;Não;Não;Não;RAT;Classificada;25/03/2020 06:53
2020-09990040-1;24/03/2020 07:05;AVENIDA VINTE E UM DE ABRIL / RUA CORONEL JOAO NOTINI - DIVINOPOLIS;-201.399.201;-448.885.642;E01268 - INFRACAO DE MEDIDA SANITARIA PREVENTIVA (C) (Prioridade: 3 - Baixa);53 CIA PM/23 BPM/7 RPM;28710;Não;Não;Não;BOLETIM DE OCORRENCIA / BOS;Classificada;24/03/2020 09:15
2020-09990028-6;24/03/2020 07:07;AVENIDA MINAS GERAIS, Nº 2632 - MARIA FERNANDA 1 - LAGOA DA PRATA;-200.317.868;-455.204.403;Y05018 - APOIO A OUTROS ORGAOS (C) (Prioridade: 3 - Baixa);107 CIA PM/7 BPM/7 RPM;21355;Não;Não;Não;RAT;Classificada;25/03/2020 06:53
2020-09990043-0;24/03/2020 07:07;AVENIDA AMAZONAS, Nº 824 - SAO JOSE - DIVINOPOLIS;-201.572.254;-449.019.703;E01268 - INFRACAO DE MEDIDA SANITARIA PREVENTIVA (C) (Prioridade: 3 - Baixa);53 CIA PM/23 BPM/7 RPM;28710;Não;Não;Não;BOLETIM DE OCORRENCIA / BOS;Classificada;24/03/2020 08:57
2020-09990052-0;24/03/2020 07:09;RUA GILBERTO ARAUJO COSTA, Nº S/N - ALVORADA - BOM DESPACHO;-197.136.796;-452.653.199;E01268 - INFRACAO DE MEDIDA SANITARIA PREVENTIVA (C) (Prioridade: 3 - Baixa);COPOM/7 BPM/7 RPM;28587 / 28735;Não;Não;Não;BOLETIM DE OCORRENCIA / BOS;Classificada;24/03/2020 09:23
2020-09990074-3;24/03/2020 07:12;RUA ORIBES BATISTA LEITE, Nº 900 - SANTOS DUMONT - DIVINOPOLIS;-201.725.532;-448.761.247;E01268 - INFRACAO DE MEDIDA SANITARIA PREVENTIVA (C) (Prioridade: 3 - Baixa);142 CIA PM/23 BPM/7 RPM;28655;Não;Não;Não;BOLETIM DE OCORRENCIA / BOS;Classificada;24/03/2020 09:03
2020-09990295-2;24/03/2020 07:42;RUA RIO DE JANEIRO / AVENIDA RIO GRANDE DO SUL - DIVINOPOLIS;-201.410.553;-448.920.546;E01268 - INFRACAO DE MEDIDA SANITARIA PREVENTIVA (C) (Prioridade: 3 - Baixa);53 CIA PM/23 BPM/7 RPM;28710;Não;Não;Não;BOLETIM DE OCORRENCIA / BOS;Classificada;24/03/2020 09:41
2020-09990393-1;24/03/2020 07:54;RUA JOAQUIM JANUARIO, Nº 225 - SAO MIGUEL - DIVINOPOLIS;-201.560.826;-449.001.716;E01268 - INFRACAO DE MEDIDA SANITARIA PREVENTIVA (C) (Prioridade: 3 - Baixa);139 CIA PM/23 BPM/7 RPM;28793;Não;Não;Não;BOLETIM DE OCORRENCIA / BOS;Classificada;24/03/2020 08:57
2020-09990580-9;24/03/2020 08:14;RUA SANTA RITA DE CASSIA, Nº 302 - PROLONGAMENTO BOM PASTOR - DIVINOPOLIS;-201.133.957;-44.878.187;E01268 - INFRACAO DE MEDIDA SANITARIA PREVENTIVA (C) (Prioridade: 3 - Baixa);53 CIA PM/23 BPM/7 RPM;28703;Não;Não;Não;BOLETIM DE OCORRENCIA / BOS;Classificada;24/03/2020 08:57
2020-09990578-7;24/03/2020 08:17;RUA PROFESSOR ISAURO FERREIRA, Nº 683 - PORTO VELHO - DIVINOPOLIS;-201.469.319;-448.833.714;E01268 - INFRACAO DE MEDIDA SANITARIA PREVENTIVA (C) (Prioridade: 3 - Baixa);142 CIA PM/23 BPM/7 RPM;28655;Não;Não;Não;BOLETIM DE OCORRENCIA / BOS;Classificada;24/03/2020 09:44
2020-09990588-0;24/03/2020 08:17;AVENIDA ANTONIO OLIMPIO DE MORAIS, Nº 179 - CENTRO - DIVINOPOLIS;-201.463.737;-448.896.629;E01268 - INFRACAO DE MEDIDA SANITARIA PREVENTIVA (C) (Prioridade: 3 - Baixa);53 CIA PM/23 BPM/7 RPM;28710;Não;Não;Não;BOLETIM DE OCORRENCIA / BOS;Classificada;24/03/2020 10:22
2020-09990653-0;24/03/2020 08:25;AVENIDA PARANA, Nº 1320 - CATALAO - DIVINOPOLIS;;;E01268 - INFRACAO DE MEDIDA SANITARIA PREVENTIVA (C) (Prioridade: 3 - Baixa);139 CIA PM/23 BPM/7 RPM;28793;Não;Não;Não;BOLETIM DE OCORRENCIA / BOS;Classificada;24/03/2020 09:12
2020-09990740-3;24/03/2020 08:33;RUA SAO SEBASTIAO, Nº 421 - AFONSO PENA - DIVINOPOLIS;-201.319.973;-448.872.229;E01268 - INFRACAO DE MEDIDA SANITARIA PREVENTIVA (C) (Prioridade: 3 - Baixa);53 CIA PM/23 BPM/7 RPM;28703;Não;Não;Não;BOLETIM DE OCORRENCIA / BOS;Classificada;24/03/2020 09:39
2020-09990746-0;24/03/2020 08:36;RUA MINAS GERAIS, Nº 1378 - CENTRO - DIVINOPOLIS;-20.141.683;-448.976.111;E01268 - INFRACAO DE MEDIDA SANITARIA PREVENTIVA (C) (Prioridade: 3 - Baixa);53 CIA PM/23 BPM/7 RPM;28880;Não;Não;Não;BOLETIM DE OCORRENCIA / BOS;Classificada;24/03/2020 10:04
2020-09990826-7;24/03/2020 08:45;RUA INCONFIDENTES, Nº 331 - VILA CRUZEIRO - DIVINOPOLIS;-20.135.839;-448.881.547;E01268 - INFRACAO DE MEDIDA SANITARIA PREVENTIVA (C) (Prioridade: 3 - Baixa);53 CIA PM/23 BPM/7 RPM;28703;Não;Não;Não;BOLETIM DE OCORRENCIA / BOS;Classificada;24/03/2020 10:04
2020-09990863-3;24/03/2020 08:47;POVOADO LAGO DAS ROSEIRAS, Nº S/N - DIVINOPOLIS;-202.475.915;-447.704.967;E01268 - INFRACAO DE MEDIDA SANITARIA PREVENTIVA (C) (Prioridade: 3 - Baixa);142 CIA PM/23 BPM/7 RPM;;Não;Não;Não;W09000-CANCELADA POR ORDEM DO ORGAO DE COORDENACAO E CONTROL;Classificada;24/03/2020 11:48
2020-09990849-2;24/03/2020 08:48;RUA PERNAMBUCO, Nº 1297 - CENTRO - DIVINOPOLIS;-201.441.648;-448.985.983;E01268 - INFRACAO DE MEDIDA SANITARIA PREVENTIVA (C) (Prioridade: 3 - Baixa);53 CIA PM/23 BPM/7 RPM;;Não;Não;Não;W09000-CANCELADA POR ORDEM DO ORGAO DE COORDENACAO E CONTROL;Classificada;24/03/2020 11:48
2020-09990886-9;24/03/2020 08:49;RUA PERNAMBUCO, Nº 1280 - DIVINOPOLIS;-201.439.335;-448.985.514;E01268 - INFRACAO DE MEDIDA SANITARIA PREVENTIVA (C) (Prioridade: 3 - Baixa);53 CIA PM/23 BPM/7 RPM;;Não;Não;Não;W09000-CANCELADA POR ORDEM DO ORGAO DE COORDENACAO E CONTROL;Classificada;24/03/2020 11:48
2020-09990889-7;24/03/2020 08:50;RUA PERNAMBUCO, Nº 1287 - CENTRO - DIVINOPOLIS;-201.442.144;-448.984.392;E01268 - INFRACAO DE MEDIDA SANITARIA PREVENTIVA (C) (Prioridade: 3 - Baixa);53 CIA PM/23 BPM/7 RPM;;Não;Não;Não;W09000-CANCELADA POR ORDEM DO ORGAO DE COORDENACAO E CONTROL;Classificada;24/03/2020 11:55
2020-09990892-1;24/03/2020 08:52;RUA PERNAMBUCO / RUA ESPIRITO SANTO - DIVINOPOLIS;-201.442.161;-448.981.073;E01268 - INFRACAO DE MEDIDA SANITARIA PREVENTIVA (C) (Prioridade: 3 - Baixa);53 CIA PM/23 BPM/7 RPM;;Não;Não;Não;W09000-CANCELADA POR ORDEM DO ORGAO DE COORDENACAO E CONTROL;Classificada;24/03/2020 11:55
2020-09990964-0;24/03/2020 09:02;RUA PARAIBA, Nº 546 - CENTRO - DIVINOPOLIS;-201.406.121;-448.890.668;E01268 - INFRACAO DE MEDIDA SANITARIA PREVENTIVA (C) (Prioridade: 3 - Baixa);53 CIA PM/23 BPM/7 RPM;;Não;Não;Não;DISPEN-DISPENSADA PELO SOLICITANTE;Classificada;24/03/2020 10:56
2020-09990998-2;24/03/2020 09:09;RUA MINAS GERAIS, Nº 1207 - CENTRO - DIVINOPOLIS;-201.425.091;-448.958.733;E01268 - INFRACAO DE MEDIDA SANITARIA PREVENTIVA (C) (Prioridade: 3 - Baixa);53 CIA PM/23 BPM/7 RPM;28880;Não;Não;Não;BOLETIM DE OCORRENCIA / BOS;Classificada;24/03/2020 10:11
2020-09991169-3;24/03/2020 09:30;RUA RIO DE JANEIRO / AVENIDA AMAZONAS - DIVINOPOLIS;-201.399.012;-448.955.101;E01268 - INFRACAO DE MEDIDA SANITARIA PREVENTIVA (C) (Prioridade: 3 - Baixa);53 CIA PM/23 BPM/7 RPM;;Não;Não;Não;W09000-CANCELADA POR ORDEM DO ORGAO DE COORDENACAO E CONTROL;Classificada;24/03/2020 11:56
2020-09991213-3;24/03/2020 09:31;RUA SAO PAULO / AVENIDA PARANA - DIVINOPOLIS;-201.404.411;-448.976.344;E01268 - INFRACAO DE MEDIDA SANITARIA PREVENTIVA (C) (Prioridade: 3 - Baixa);53 CIA PM/23 BPM/7 RPM;;Não;Não;Não;W09000-CANCELADA POR ORDEM DO ORGAO DE COORDENACAO E CONTROL;Classificada;24/03/2020 11:56
2020-09991293-2;24/03/2020 09:41;RUA ITAPECERICA, Nº 1415 - JARDIM NOVA AMERICA - DIVINOPOLIS;-201.362.275;-448.971.683;E01268 - INFRACAO DE MEDIDA SANITARIA PREVENTIVA (C) (Prioridade: 3 - Baixa);53 CIA PM/23 BPM/7 RPM;;Não;Não;Não;W09000-CANCELADA POR ORDEM DO ORGAO DE COORDENACAO E CONTROL;Classificada;24/03/2020 11:57
2020-09991328-5;24/03/2020 09:49;RUA BAMBUI, Nº 229 - IPIRANGA - DIVINOPOLIS;-201.418.038;-44.903.963;E01268 - INFRACAO DE MEDIDA SANITARIA PREVENTIVA (C) (Prioridade: 3 - Baixa);53 CIA PM/23 BPM/7 RPM;;Não;Não;Não;W09000-CANCELADA POR ORDEM DO ORGAO DE COORDENACAO E CONTROL;Classificada;24/03/2020 11:57
2020-09991394-0;24/03/2020 09:54;RUA PERNAMBUCO / AVENIDA ANTONIO OLIMPIO DE MORAIS - DIVINOPOLIS;-201.469.552;-448.897.711;E01268 - INFRACAO DE MEDIDA SANITARIA PREVENTIVA (C) (Prioridade: 3 - Baixa);53 CIA PM/23 BPM/7 RPM;;Não;Não;Não;DISPEN-DISPENSADA PELO SOLICITANTE;Classificada;24/03/2020 11:57
2020-09991418-6;24/03/2020 09:56;PRACA OLEGARIO MACIEL, Nº S/N - CENTRO - BOM DESPACHO;-197.343.053;-452.533.155;A99000 - OUTRAS ACOES DEFESA SOCIAL (C) (Prioridade: 3 - Baixa);COPOM/7 BPM/7 RPM;28735;Não;Não;Não;BOLETIM DE OCORRENCIA / BOS;Classificada;24/03/2020 11:37
2020-09991494-4;24/03/2020 10:04;AVENIDA ANTONIO OLIMPIO DE MORAIS, Nº 889 - CENTRO - DIVINOPOLIS;-201.400.607;-448.873.361;E01268 - INFRACAO DE MEDIDA SANITARIA PREVENTIVA (C) (Prioridade: 3 - Baixa);53 CIA PM/23 BPM/7 RPM;;Não;Não;Não;W09000-CANCELADA POR ORDEM DO ORGAO DE COORDENACAO E CONTROL;Classificada;24/03/2020 11:58
2020-09991519-3;24/03/2020 10:09;PRACA DO MERCADO, Nº S/N - CENTRO - DIVINOPOLIS;-201.389.256;-448.869.515;E01268 - INFRACAO DE MEDIDA SANITARIA PREVENTIVA (C) (Prioridade: 3 - Baixa);53 CIA PM/23 BPM/7 RPM;;Não;Não;Não;W09000-CANCELADA POR ORDEM DO ORGAO DE COORDENACAO E CONTROL;Classificada;24/03/2020 11:59
2020-09991591-0;24/03/2020 10:14;AVENIDA AMAZONAS, Nº 840 - SIDIL - DIVINOPOLIS;;;G01330 - DESOBEDIENCIA (C) (Prioridade: 3 - Baixa);53 CIA PM/23 BPM/7 RPM;28710 / 28880;Não;Não;Não;BOLETIM DE OCORRENCIA / BOS;Classificada;24/03/2020 11:54
2020-09991712-3;24/03/2020 10:28;AVENIDA JK, Nº 1929 - BOM PASTOR - DIVINOPOLIS;-201.219.144;-448.836.167;E01268 - INFRACAO DE MEDIDA SANITARIA PREVENTIVA (C) (Prioridade: 3 - Baixa);53 CIA PM/23 BPM/7 RPM;;Não;Não;Não;W09000-CANCELADA POR ORDEM DO ORGAO DE COORDENACAO E CONTROL;Classificada;24/03/2020 12:06
2020-09991718-0;24/03/2020 10:29;AVENIDA RIO GRANDE DO SUL, Nº 253 - CENTRO - DIVINOPOLIS;-20.147.015;-448.943.688;E01268 - INFRACAO DE MEDIDA SANITARIA PREVENTIVA (C) (Prioridade: 3 - Baixa);53 CIA PM/23 BPM/7 RPM;;Não;Não;Não;W09000-CANCELADA POR ORDEM DO ORGAO DE COORDENACAO E CONTROL;Classificada;24/03/2020 12:07
2020-09991856-3;24/03/2020 10:47;AVENIDA PRIMEIRO DE JUNHO, Nº 831 - CENTRO - DIVINOPOLIS;-201.413.122;-448.860.214;E01268 - INFRACAO DE MEDIDA SANITARIA PREVENTIVA (C) (Prioridade: 3 - Baixa);53 CIA PM/23 BPM/7 RPM;;Não;Não;Não;W09000-CANCELADA POR ORDEM DO ORGAO DE COORDENACAO E CONTROL;Classificada;24/03/2020 12:08
2020-09991934-5;24/03/2020 10:56;RUA BAHIA, Nº 381 - DIVINOPOLIS;-201.458.154;-448.948.828;E01268 - INFRACAO DE MEDIDA SANITARIA PREVENTIVA (C) (Prioridade: 3 - Baixa);53 CIA PM/23 BPM/7 RPM;;Não;Não;Não;W09000-CANCELADA POR ORDEM DO ORGAO DE COORDENACAO E CONTROL;Classificada;24/03/2020 12:08
2020-09992022-0;24/03/2020 11:05;AVENIDA RIO GRANDE DO SUL / RUA MINAS GERAIS - DIVINOPOLIS;-201.433.851;-448.929.007;E01268 - INFRACAO DE MEDIDA SANITARIA PREVENTIVA (C) (Prioridade: 3 - Baixa);53 CIA PM/23 BPM/7 RPM;;Não;Não;Não;W09000-CANCELADA POR ORDEM DO ORGAO DE COORDENACAO E CONTROL;Classificada;24/03/2020 12:11
2020-09992043-0;24/03/2020 11:09;RUA ROUXINOIS, Nº 41 - SERRA VERDE - DIVINOPOLIS;-201.112.532;-449.015.744;E01268 - INFRACAO DE MEDIDA SANITARIA PREVENTIVA (C) (Prioridade: 3 - Baixa);53 CIA PM/23 BPM/7 RPM;;Não;Não;Não;W09000-CANCELADA POR ORDEM DO ORGAO DE COORDENACAO E CONTROL;Classificada;24/03/2020 12:14
2020-09992080-7;24/03/2020 11:11;AVENIDA VINTE E UM DE ABRIL, Nº 1125 - CENTRO - DIVINOPOLIS;-201.400.325;-448.887.262;E01268 - INFRACAO DE MEDIDA SANITARIA PREVENTIVA (C) (Prioridade: 3 - Baixa);53 CIA PM/23 BPM/7 RPM;;Não;Não;Não;W09000-CANCELADA POR ORDEM DO ORGAO DE COORDENACAO E CONTROL;Classificada;24/03/2020 12:11
2020-09992126-6;24/03/2020 11:17;AVENIDA GOVERNADOR MAGALHAES PINTO, Nº 600 - NITEROI - DIVINOPOLIS;-201.389.087;-448.740.018;E01268 - INFRACAO DE MEDIDA SANITARIA PREVENTIVA (C) (Prioridade: 3 - Baixa);142 CIA PM/23 BPM/7 RPM;;Não;Não;Não;W09000-CANCELADA POR ORDEM DO ORGAO DE COORDENACAO E CONTROL;Classificada;24/03/2020 12:14
2020-09992163-2;24/03/2020 11:22;AVENIDA PARANA, Nº 505 - CATALAO - DIVINOPOLIS;-201.516.423;-449.016.444;E01268 - INFRACAO DE MEDIDA SANITARIA PREVENTIVA (C) (Prioridade: 3 - Baixa);139 CIA PM/23 BPM/7 RPM;;Não;Não;Não;W09000-CANCELADA POR ORDEM DO ORGAO DE COORDENACAO E CONTROL;Classificada;24/03/2020 12:15
2020-09993149-7;24/03/2020 13:38;RUA ROBERTO QUEIROZ CANCADO, Nº 893 - SAO JOSE - BOM DESPACHO;-197.544.418;-452.585.595;E01268 - INFRACAO DE MEDIDA SANITARIA PREVENTIVA (C) (Prioridade: 3 - Baixa);COPOM/7 BPM/7 RPM;28735;Não;Não;Não;BOLETIM DE OCORRENCIA / BOS;Classificada;24/03/2020 16:30
2020-09996651-8;24/03/2020 18:40;RUA JOSE JOSEFINO DA SILVA, Nº 230 - SION - DIVINOPOLIS;-201.341.661;-449.221.676;E01268 - INFRACAO DE MEDIDA SANITARIA PREVENTIVA (C) (Prioridade: 3 - Baixa);139 CIA PM/23 BPM/7 RPM;26493 / 26540;Não;Não;Não;BOLETIM DE OCORRENCIA / BOS;Classificada;24/03/2020 20:08
2020-09996646-8;24/03/2020 18:42;ALAMEDA CORONEL FULGENCIO, Nº S/N - VILA MILITAR - BOM DESPACHO;-197.320.875;-452.547.201;Y11011 - APOIO A OUTROS ORGAOS (C) (Prioridade: 3 - Baixa);COPOM/7 BPM/7 RPM;28587;Não;Não;Não;RAT;Classificada;24/03/2020 23:37
2020-09996670-2;24/03/2020 18:42;RUA IBIRITE, Nº 490 - BOM PASTOR - DIVINOPOLIS;-201.212.857;-448.899.314;E01268 - INFRACAO DE MEDIDA SANITARIA PREVENTIVA (C) (Prioridade: 3 - Baixa);53 CIA PM/23 BPM/7 RPM;28703 / 28710;Não;Não;Não;BOLETIM DE OCORRENCIA / BOS;Classificada;24/03/2020 18:59
2020-09996819-4;24/03/2020 18:59;AVENIDA PARANA / RUA JOAQUIM JANUARIO - DIVINOPOLIS;-201.551.258;-449.030.345;E01268 - INFRACAO DE MEDIDA SANITARIA PREVENTIVA (C) (Prioridade: 3 - Baixa);139 CIA PM/23 BPM/7 RPM;26493 / 26540;Não;Não;Não;BOLETIM DE OCORRENCIA / BOS;Classificada;24/03/2020 19:35
2020-09997701-0;24/03/2020 20:11;RUA SANTO ANTONIO DO MONTE, Nº 191 - ROSARIO - BOM DESPACHO;-197.446.265;-452.654.485;A99000 - OUTRAS ACOES DEFESA SOCIAL (C) (Prioridade: 3 - Baixa);COPOM/7 BPM/7 RPM;28735;Não;Não;Não;BOLETIM DE OCORRENCIA / BOS;Classificada;24/03/2020 23:47
2020-09997732-3;24/03/2020 20:14;RUA NOSSA SENHORA DA ABADIA, Nº 745 - PALMEIRAS - FORMIGA;-204.576.516;-454.501.485;Y12014 - APOIO A OUTROS ORGAOS (C) (Prioridade: 3 - Baixa);63 BPM/7 RPM;TM-DELTA;Não;Não;Não;RAT;Classificada;24/03/2020 20:51
2020-09998358-4;24/03/2020 21:21;RUA VICENTE PORFIRIO OLIVEIRA, Nº 53 - VILA MARIA - PARA DE MINAS;-198.704.856;-445.920.869;A99000 - OUTRAS ACOES DEFESA SOCIAL (C) (Prioridade: 3 - Baixa);19 CIA PM IND/7 RPM;21939;Não;Não;Não;BOLETIM DE OCORRENCIA / BOS;Classificada;25/03/2020 05:26
2020-09998396-3;24/03/2020 21:25;RUA FRANCISCO PEREIRA SOBRINHO, Nº 655 - PAPA JOAO PAULO II - PARA DE MINAS;-198.507.817;-44.572.286;A99000 - OUTRAS ACOES DEFESA SOCIAL (C) (Prioridade: 3 - Baixa);19 CIA PM IND/7 RPM;21939;Não;Não;Não;BOLETIM DE OCORRENCIA / BOS;Classificada;25/03/2020 05:26
2020-10001817-4;25/03/2020 08:58;AVENIDA BANDEIRANTES, Nº S/N - JARDIM AMERICA - BOM DESPACHO;-19.755.764;-45.259.684;A99000 - OUTRAS ACOES DEFESA SOCIAL (C) (Prioridade: 3 - Baixa);50 CIA PM/7 BPM/7 RPM;;Não;Não;Não;W99000-OUTROS TIPOS DE ROTINAS ADMINISTRATIVAS;Classificada;25/03/2020 09:06
2020-10002006-7;25/03/2020 09:21;PRACA DOUTOR AGENOR SOARES DOS SANTOS, Nº S/N - CENTRO - MORADA NOVA DE MINAS;-186.057.776;-453.561.569;Y07002 - OPERACAO PRESENCA (C) (Prioridade: 3 - Baixa);141 CIA PM/7 BPM/7 RPM;21230;Não;Não;Não;RAT;Classificada;25/03/2020 11:47
2020-10005194-5;25/03/2020 12:52;PRACA SAO SEBASTIAO, Nº S/N - AFONSO PENA - DIVINOPOLIS;-201.315.845;-448.875.462;E01268 - INFRACAO DE MEDIDA SANITARIA PREVENTIVA (C) (Prioridade: 3 - Baixa);53 CIA PM/23 BPM/7 RPM;28879 / 28703;Não;Não;Não;BOLETIM DE OCORRENCIA / BOS;Classificada;25/03/2020 13:12
2020-10007154-1;25/03/2020 15:56;RODOVIA MG 164, Km 144 - DOM JOAQUIM - BOM DESPACHO;-197.588.043;-452.597.443;A99000 - OUTRAS ACOES DEFESA SOCIAL (C) (Prioridade: 3 - Baixa);COPOM/7 BPM/7 RPM;28735;Não;Não;Não;BOLETIM DE OCORRENCIA / BOS;Classificada;25/03/2020 17:49
2020-10007376-3;25/03/2020 16:17;AVENIDA ANA ROSA, Nº S/N - ANA ROSA - BOM DESPACHO;-197.395.756;-452.427.428;A99000 - OUTRAS ACOES DEFESA SOCIAL (C) (Prioridade: 3 - Baixa);COPOM/7 BPM/7 RPM;20891;Não;Não;Não;BOLETIM DE OCORRENCIA / BOS;Classificada;25/03/2020 17:45
2020-10009381-4;25/03/2020 19:12;AVENIDA GUILHERMINO RODRIGUES DA COSTA, Nº 390 - DISTRITO ENGENHO DO RIBEIRO - BOM DESPACHO;-195.731.951;-453.037.394;A99000 - OUTRAS ACOES DEFESA SOCIAL (C) (Prioridade: 3 - Baixa);COPOM/7 BPM/7 RPM;21683;Não;Não;Não;BOLETIM DE OCORRENCIA / BOS;Classificada;25/03/2020 21:19
2020-10013470-6;26/03/2020 07:13;AVENIDA FERNAO DIAS, Nº 9 - CHICO MIRANDA - LAGOA DA PRATA;-200.436.917;-455.252.317;A07000 - COBERTURA POLICIAL (C) (Prioridade: 3 - Baixa);107 CIA PM/7 BPM/7 RPM;25744;Não;Não;Não;BOLETIM DE OCORRENCIA / BOS;Classificada;26/03/2020 14:16
2020-10014641-2;26/03/2020 09:41;AVENIDA DOUTOR ROBERTO DE MELO QUEIROZ, Nº S/N - JARDIM DOS ANJOS - BOM DESPACHO;;;E01268 - INFRACAO DE MEDIDA SANITARIA PREVENTIVA (C) (Prioridade: 3 - Baixa);COPOM/7 BPM/7 RPM;28735 / 19946;Não;Não;Não;BOLETIM DE OCORRENCIA / BOS;Classificada;26/03/2020 10:10
2020-10016888-6;26/03/2020 14:15;RUA ITAMARANDIBA, Nº 230 - BOM PASTOR - DIVINOPOLIS;-201.260.001;-448.855.014;X01000 - SUPERVISAO (C) (Prioridade: 3 - Baixa);53 CIA PM/23 BPM/7 RPM;28641;Não;Não;Não;BOLETIM DE OCORRENCIA / BOS;Classificada;27/03/2020 01:47
2020-10017490-5;26/03/2020 15:00;RUA PARA DE MINAS, Nº 195 - ARAGUAIA - NOVA SERRANA;-198.802.417;-449.920.464;Y10008 - COBERTURA POLICIAL A PREFEITURAS (C) (Prioridade: 3 - Baixa);60 BPM/7 RPM;VIGILANCIA;Não;Não;Não;RAT;Classificada;26/03/2020 16:29
2020-10018153-0;26/03/2020 15:51;DISTRITO FREI ORLANDO, Nº S/N - MORADA NOVA DE MINAS;-188.381.733;-452.256.121;U99000 - OUTRAS DENUNCIA RECLAMACOES SOLICITACOES DEF SOCIAL (C) (Prioridade: 3 - Baixa);141 CIA PM/7 BPM/7 RPM;SEM-VP;Não;Não;Não;BOLETIM DE OCORRENCIA / BOS;Classificada;26/03/2020 18:51
2020-10018944-6;26/03/2020 17:01;RUA GOIAS / AVENIDA PARANA - DIVINOPOLIS;-201.427.467;-448.984.998;Y07001 - OPERACAO DE BATIDA POLICIAL (C) (Prioridade: 3 - Baixa);139 CIA PM/23 BPM/7 RPM;28882-COVI;Não;Não;Não;RAT;Classificada;26/03/2020 19:14
2020-10019921-6;26/03/2020 18:24;RUA SETE DE SETEMBRO, Nº 730 - BOM DESPACHO;;;A99000 - OUTRAS ACOES DEFESA SOCIAL (C) (Prioridade: 3 - Baixa);COPOM/7 BPM/7 RPM;28587 / 28072;Não;Não;Não;BOLETIM DE OCORRENCIA / BOS;Classificada;26/03/2020 20:01
2020-10020888-0;26/03/2020 19:49;RUA MATO GROSSO, Nº 1800 - AFONSO PENA - DIVINOPOLIS;-201.317.291;-448.905.678;X01000 - SUPERVISAO (C) (Prioridade: 3 - Baixa);23 BPM/7 RPM;SUPER;Não;Não;Não;BOLETIM DE OCORRENCIA / BOS;Classificada;27/03/2020 01:47
2020-10021945-7;26/03/2020 21:21;RUA BRASILIA, Nº 132 - CENTRO - CLAUDIO;-204.428.511;-447.605.899;A05000 - AVERIGUA PESSOA / VEICULO EM ATITUDE SUSPEITA (C) (Prioridade: 1 - Alta);139 CIA PM/23 BPM/7 RPM;20904;Não;Não;Não;BOLETIM DE OCORRENCIA / BOS;Classificada;26/03/2020 22:25
2020-10022506-2;26/03/2020 22:24;RUA BRASILIA, Nº 132 - CENTRO - CLAUDIO;-204.428.511;-447.605.899;W04000 - NADA CONSTATADO (C) (Prioridade: 3 - Baixa);139 CIA PM/23 BPM/7 RPM;20904;Não;Não;Não;BOLETIM DE OCORRENCIA / BOS;Classificada;26/03/2020 22:25
2020-10024915-2;27/03/2020 07:06;PRACA EX COMBATENTES, Nº 8 - CENTRO - CLAUDIO;-204.430.309;-447.645.422;Y07007 - OPERACAO PROTEJA SEU BAIRRO (C) (Prioridade: 3 - Baixa);139 CIA PM/23 BPM/7 RPM;28884;Não;Não;Não;BOLETIM DE OCORRENCIA / BOS;Classificada;27/03/2020 08:05
2020-10025130-5;27/03/2020 07:39;AVENIDA HERNANI BOTTREL DE MOURA, Nº S/N - INDUSTRIAL - FORMIGA;-20.456.945;-454.526.599;Y10008 - COBERTURA POLICIAL A PREFEITURAS (C) (Prioridade: 3 - Baixa);63 BPM/7 RPM;SGT-ANDRE;Não;Não;Não;BOLETIM DE OCORRENCIA / BOS;Classificada;27/03/2020 08:45
2020-10025283-6;27/03/2020 08:03;AVENIDA JOSE LEOPOLDINO, Nº 193 - AMAZONAS - ABAETE;-191.556.694;-454.364.774;Y11011 - APOIO A OUTROS ORGAOS (C) (Prioridade: 3 - Baixa);141 CIA PM/7 BPM/7 RPM;28588;Não;Não;Não;BOLETIM DE OCORRENCIA / BOS;Classificada;27/03/2020 22:09
2020-10025522-5;27/03/2020 08:25;AVENIDA PRIMEIRO DE JUNHO, Nº 420 - CENTRO - DIVINOPOLIS;-201.448.855;-448.871.008;X01000 - SUPERVISAO (C) (Prioridade: 3 - Baixa);23 BPM/7 RPM;28498;Não;Não;Não;RAT;Classificada;27/03/2020 18:52
2020-10025958-0;27/03/2020 09:18;RODOVIA BR 354, Nº S/N - VILA CALCITA - ARCOS;-202.949.679;-455.459.132;Y11011 - APOIO A OUTROS ORGAOS (C) (Prioridade: 3 - Baixa);241 CIA PM/63 BPM/7 RPM;24682;Não;Não;Não;RAT;Classificada;27/03/2020 10:17
2020-10026316-9;27/03/2020 10:02;RUA MATO GROSSO, Nº 1800 - AFONSO PENA - DIVINOPOLIS;-201.317.291;-448.905.678;X01000 - SUPERVISAO (C) (Prioridade: 3 - Baixa);COPOM/EM7RPM/7 RPM;TEN-CELSO;Não;Não;Não;BOLETIM DE OCORRENCIA / BOS;Classificada;27/03/2020 16:38
2020-10026442-3;27/03/2020 10:14;RUA JOSE DO PATROCINIO, Nº 429 - ALVORADA - FORMIGA;-204.771.587;-454.269.008;Y10008 - COBERTURA POLICIAL A PREFEITURAS (C) (Prioridade: 3 - Baixa);63 BPM/7 RPM;SGT-ANDRE;Não;Não;Não;RAT;Classificada;27/03/2020 12:23
2020-10028421-4;27/03/2020 14:18;ALAMEDA CORONEL FULGENCIO, Nº S/N - VILA MILITAR - BOM DESPACHO;-197.315.017;-452.546.914;X01000 - SUPERVISAO (C) (Prioridade: 3 - Baixa);COPOM/7 BPM/7 RPM;28867;Não;Não;Não;RAT;Classificada;27/03/2020 15:30
2020-10028942-7;27/03/2020 15:00;RUA DIAMANTINA, Nº 183 - CENTRO - CLAUDIO;-204.411.651;-447.603.407;Y07007 - OPERACAO PROTEJA SEU BAIRRO (C) (Prioridade: 3 - Baixa);139 CIA PM/23 BPM/7 RPM;28884;Não;Não;Não;RAT;Classificada;27/03/2020 22:33
2020-10029823-3;27/03/2020 16:08;AVENIDA ABILIO MACHADO, Nº 1157 - POR DO SOL - FORMIGA;-204.536.084;-454.435.364;Y10008 - COBERTURA POLICIAL A PREFEITURAS (C) (Prioridade: 3 - Baixa);63 BPM/7 RPM;S.ADRIANO;Não;Não;Não;BOLETIM DE OCORRENCIA / BOS;Classificada;27/03/2020 17:13
2020-10030147-7;27/03/2020 16:33;AVENIDA JK, Nº 1200 - SANTA CLARA - DIVINOPOLIS;-201.280.414;-448.827.687;X01000 - SUPERVISAO (C) (Prioridade: 3 - Baixa);23 BPM/7 RPM;28879;Não;Não;Não;RAT;Classificada;27/03/2020 18:52
2020-10030293-9;27/03/2020 16:46;RUA MATO GROSSO, Nº 1800 - AFONSO PENA - DIVINOPOLIS;-201.317.291;-448.905.678;X01000 - SUPERVISAO (C) (Prioridade: 3 - Baixa);23 BPM/7 RPM;TEN-JAIR;Não;Não;Não;BOLETIM DE OCORRENCIA / BOS;Classificada;27/03/2020 18:51
2020-10031131-2;27/03/2020 17:55;AVENIDA INDALECIO ALVAREZ GONZALES, Nº 328 - BAMBUI;-200.150.113;-459.578.104;X01000 - SUPERVISAO (C) (Prioridade: 3 - Baixa);241 CIA PM/63 BPM/7 RPM;29016;Não;Não;Não;RAT;Classificada;27/03/2020 18:41
2020-10033686-8;27/03/2020 21:32;RUA SOLDADO DOMINGOS BRANDAO, Nº 630 - REALENGO - DIVINOPOLIS;-201.835.333;-448.969.851;E08042 - PERTURBACAO DO TRABALHO OU DO SOSSEGO ALHEIOS (C) (Prioridade: 3 - Baixa);139 CIA PM/23 BPM/7 RPM;28733;Não;Não;Não;BOLETIM DE OCORRENCIA / BOS;Classificada;27/03/2020 22:19
2020-10034167-6;27/03/2020 22:16;RUA CIRILO MACIEL, Nº 222 - CENTRO - LAGOA DA PRATA;-200.211.677;-455.463.013;B01131 - PERIGO DE CONTAGIO DE MOLESTIA GRAVE (C) (Prioridade: 2 - Média);107 CIA PM/7 BPM/7 RPM;26973;Não;Não;Não;BOLETIM DE OCORRENCIA / BOS;Classificada;28/03/2020 04:16
2020-10038116-7;28/03/2020 08:15;RUA MATO GROSSO, Nº 1800 - AFONSO PENA - DIVINOPOLIS;-201.317.291;-448.905.678;X01000 - SUPERVISAO (C) (Prioridade: 3 - Baixa);23 BPM/7 RPM;HT;Não;Não;Não;RAT;Classificada;28/03/2020 15:01
2020-10038276-3;28/03/2020 08:44;AVENIDA PRIMEIRO DE JUNHO, Nº 722 - CENTRO - DIVINOPOLIS;-201.423.647;-448.861.549;X01000 - SUPERVISAO (C) (Prioridade: 3 - Baixa);23 BPM/7 RPM;28498;Não;Não;Não;BOLETIM DE OCORRENCIA / BOS;Classificada;28/03/2020 13:05
2020-10038378-3;28/03/2020 08:58;RUA PITANGUI, Nº 441 - PADRE LIBERIO - DIVINOPOLIS;-20.121.939;-448.817.182;X01000 - SUPERVISAO (C) (Prioridade: 3 - Baixa);23 BPM/7 RPM;25793;Não;Não;Não;RAT;Classificada;28/03/2020 13:05
2020-10039667-6;28/03/2020 12:03;RUA CORONEL MARTINHO FERREIRA DO AMARAL, Nº 2263 - CENTRO - NOVA SERRANA;-198.722.988;-449.803.312;A99000 - OUTRAS ACOES DEFESA SOCIAL (C) (Prioridade: 3 - Baixa);60 BPM/7 RPM;RP01-28877;Não;Não;Não;BOLETIM DE OCORRENCIA / BOS;Classificada;28/03/2020 15:21
2020-10039898-9;28/03/2020 12:45;AVENIDA ARGENTINA, Nº S/N - CENTRO - PARA DE MINAS;-198.587.271;-446.103.604;X01000 - SUPERVISAO (C) (Prioridade: 3 - Baixa);19 CIA PM IND/7 RPM;28084;Não;Não;Não;RAT;Classificada;28/03/2020 16:51
2020-10041157-2;28/03/2020 15:07;PRACA EX COMBATENTES, Nº 13 - CENTRO - CLAUDIO;-204.428.407;-44.764.023;Y07007 - OPERACAO PROTEJA SEU BAIRRO (C) (Prioridade: 3 - Baixa);139 CIA PM/23 BPM/7 RPM;28884;Não;Não;Não;BOLETIM DE OCORRENCIA / BOS;Classificada;28/03/2020 22:39
2020-10042506-5;28/03/2020 17:07;AVENIDA DOUTOR CARLOS GERALDO VALADARES, Nº 800 - BERNARDO SOARES DE FARIA - ABAETE;-191.716.362;-454.343.949;Y11011 - APOIO A OUTROS ORGAOS (C) (Prioridade: 3 - Baixa);141 CIA PM/7 BPM/7 RPM;28588;Não;Não;Não;BOLETIM DE OCORRENCIA / BOS;Classificada;28/03/2020 17:39
2020-10044157-9;28/03/2020 19:28;RUA DEUSDETE ALVES SOUZA, Nº 585 - SANTO ANTONIO - ABAETE;-191.548.636;-454.537.599;X01000 - SUPERVISAO (C) (Prioridade: 3 - Baixa);141 CIA PM/7 BPM/7 RPM;22681;Não;Não;Não;BOLETIM DE OCORRENCIA / BOS;Classificada;29/03/2020 08:37
2020-10044203-4;28/03/2020 19:29;RUA JOAQUIM GONCALVES DA FONSECA, Nº 400 - CORREGO FUNDO;-204.511.419;-455.515.468;X01000 - SUPERVISAO (C) (Prioridade: 3 - Baixa);63 BPM/7 RPM;TEN-EDSON;Não;Não;Não;RAT;Classificada;29/03/2020 01:58
2020-10045158-7;28/03/2020 20:49;RUA SETE DE SETEMBRO, Nº S/N - QUARTEIS - FORMIGA;-204.656.347;-454.238.336;Y10008 - COBERTURA POLICIAL A PREFEITURAS (C) (Prioridade: 3 - Baixa);63 BPM/7 RPM;TM-ALFA;Não;Não;Não;RAT;Classificada;28/03/2020 21:46
2020-10047083-0;28/03/2020 23:13;RUA DIAMANTINA, Nº 183 - CENTRO - CLAUDIO;-204.411.651;-447.603.407;Y07007 - OPERACAO PROTEJA SEU BAIRRO (C) (Prioridade: 3 - Baixa);139 CIA PM/23 BPM/7 RPM;28884;Não;Não;Não;RAT;Classificada;29/03/2020 06:40
2020-10048638-9;29/03/2020 01:07;AVENIDA DOUTOR HENRIQUE BRAGA, Nº 9 - CENTRO - FORMIGA;-204.624.489;-454.311.205;Y10008 - COBERTURA POLICIAL A PREFEITURAS (C) (Prioridade: 3 - Baixa);63 BPM/7 RPM;S.ADRIANO;Não;Não;Não;RAT;Classificada;29/03/2020 01:10
2020-10051048-3;29/03/2020 08:34;ALAMEDA CORONEL FULGENCIO, Nº S/N - VILA MILITAR - BOM DESPACHO;-197.315.017;-452.546.914;X01000 - SUPERVISAO (C) (Prioridade: 3 - Baixa);COPOM/7 BPM/7 RPM;28586;Não;Não;Não;RAT;Classificada;29/03/2020 15:06
2020-10051369-7;29/03/2020 09:21;RUA MATO GROSSO, Nº 1800 - AFONSO PENA - DIVINOPOLIS;-201.317.291;-448.905.678;X01000 - SUPERVISAO (C) (Prioridade: 3 - Baixa);23 BPM/7 RPM;CAPSTANLEY;Não;Não;Não;BOLETIM DE OCORRENCIA / BOS;Classificada;29/03/2020 20:05
2020-10051753-5;29/03/2020 10:20;RUA NOSSA SENHORA DA ABADIA, Nº 745 - PALMEIRAS - FORMIGA;-204.576.516;-454.501.485;X01000 - SUPERVISAO (C) (Prioridade: 3 - Baixa);63 BPM/7 RPM;019CASTRO;Não;Não;Não;BOLETIM DE OCORRENCIA / BOS;Classificada;29/03/2020 17:38
2020-10061726-9;30/03/2020 07:57;ALAMEDA CORONEL FULGENCIO, Nº S/N - VILA MILITAR - BOM DESPACHO;-197.315.017;-452.546.914;X01000 - SUPERVISAO (C) (Prioridade: 3 - Baixa);COPOM/7 BPM/7 RPM;CAP-AELSON / 15482;Não;Não;Não;RAT;Classificada;30/03/2020 14:16
2020-10062055-0;30/03/2020 08:31;RUA MATO GROSSO, Nº 1800 - AFONSO PENA - DIVINOPOLIS;-201.317.291;-448.905.678;X01000 - SUPERVISAO (C) (Prioridade: 3 - Baixa);23 BPM/7 RPM;TEN.CELSO;Não;Não;Não;BOLETIM DE OCORRENCIA / BOS;Classificada;30/03/2020 16:03
2020-10063992-3;30/03/2020 12:02;AVENIDA GOVERNADOR MAGALHAES PINTO, Nº 625 - NITEROI - DIVINOPOLIS;-201.386.603;-448.738.388;E01265 - ATENTAR CONTRA A SEGURANCA DE SERV. UTIL. PUBL (C) (Prioridade: 2 - Média);142 CIA PM/23 BPM/7 RPM;28874;Não;Não;Não;BOLETIM DE OCORRENCIA / BOS;Classificada;30/03/2020 12:17
2020-10063997-7;30/03/2020 12:06;ALAMEDA CORONEL FULGENCIO, Nº S/N - VILA MILITAR - BOM DESPACHO;-197.315.017;-452.546.914;X01000 - SUPERVISAO (C) (Prioridade: 3 - Baixa);COPOM/7 BPM/7 RPM;28587;Não;Não;Não;RAT;Classificada;30/03/2020 17:06
2020-10066912-0;30/03/2020 16:42;RUA DOUTOR TEIXEIRA SOARES, Nº 364 - JARDIM AMERICA - FORMIGA;-204.602.735;-454.248.725;A99000 - OUTRAS ACOES DEFESA SOCIAL (C) (Prioridade: 3 - Baixa);63 BPM/7 RPM;29019;Não;Não;Não;BOLETIM DE OCORRENCIA / BOS;Classificada;30/03/2020 18:12
2020-10068023-7;30/03/2020 18:17;RUA MATO GROSSO, Nº 1800 - AFONSO PENA - DIVINOPOLIS;-201.317.291;-448.905.678;X01000 - SUPERVISAO (C) (Prioridade: 3 - Baixa);23 BPM/7 RPM;TEN;Não;Não;Não;BOLETIM DE OCORRENCIA / BOS;Classificada;30/03/2020 22:42
2020-10070771-4;30/03/2020 22:48;AVENIDA NOSSA SENHORA DA PIEDADE, Nº 1738 - SANTOS DUMONT - PARA DE MINAS;-198.428.948;-445.907.979;B01136 - MAUS TRATOS (C) (Prioridade: 2 - Média);19 CIA PM IND/7 RPM;17696;Não;Não;Não;BOLETIM DE OCORRENCIA / BOS;Classificada;31/03/2020 05:16
