Número REDS;Órgão Unidade Registro;Unidade Área Militar;Unid Registro Nível 6;Código Subclasse Nat Principal;Tentado/Consumado Nat Principal;Logradouro Ocorrência - Tipo;Logradouro Ocorrência;Logradouro Ocorrência Não Cadastrado;Logradouro Cruzamento;Logradouro Cruzamento Não Cadastrado;Número Logradouro;Bairro;Bairro Não Cadastrado;Complemento Endereço;Ponto de Referência;Município;Latitude;Longitude;Situação Arma;Tipo Arma;Data Fato;Horário Fato;Qtde  Armas de Fogo
2019-000026760-001;POLICIA MILITAR;107 CIA PM/7 BPM/7 RPM;107 CIA PM/7 BPM/7 RPM;E03014;CONSUMADO;RUA;PROFESSOR JACINTO RIBEIRO;;PREENCHIMENTO OPCIONAL;;522;CENTRO;;;;LAGOA DA PRATA;-20,02731750;-45,54595690;APREENDIDO;PISTOLA;01/01/2019;07:19:32;1
2019-000026760-001;POLICIA MILITAR;107 CIA PM/7 BPM/7 RPM;107 CIA PM/7 BPM/7 RPM;E03014;CONSUMADO;RUA;PROFESSOR JACINTO RIBEIRO;;PREENCHIMENTO OPCIONAL;;522;CENTRO;;;;LAGOA DA PRATA;-20,02731750;-45,54595690;APREENDIDO;REVOLVER;01/01/2019;07:19:32;1
2019-000031672-001;POLICIA MILITAR;53 CIA PM/23 BPM/7 RPM;142 CIA PM/23 BPM/7 RPM;A11000;CONSUMADO;AVENIDA;CINCO;JK;PREENCHIMENTO OPCIONAL;;323.000;BOM PASTOR;BOM PASTOR;;;DIVINOPOLIS;-20,12561760;-44,88743570;RECUPERADO;PISTOLA;01/01/2019;09:15:31;1
2019-000035432-001;POLICIA MILITAR;53 CIA PM/23 BPM/7 RPM;7 CIA PM RV/BPMRV/CPRV;C01157;CONSUMADO;RODOVIA;BR 494;;PREENCHIMENTO OPCIONAL;;29;NOVA FORTALEZA;;;;DIVINOPOLIS;-20,10907920;-44,91043370;FURTADO / ROUBADO (NAO RECUPERADO);PISTOLA;01/01/2019;06:55:00;1
2019-000086302-001;POLICIA MILITAR;1 PEL/118 CIA PM/7 BPM/7 RPM;118 CIA PM/7 BPM/7 RPM;E03016;CONSUMADO;RUA;CHIQUINHO DA QUITA;;PREENCHIMENTO OPCIONAL;;120;VOLTA DO BREJO;;;;POMPEU;-19,21609100;-44,98549960;APREENDIDO;PISTOLA;01/01/2019;19:40:00;1
2019-000097917-001;POLICIA MILITAR;3 PEL/19 CIA PM IND/7 RPM;19 CIA PM IND/7 RPM;C01155;CONSUMADO;AVENIDA;INVÁLIDO;AMAZONAS;PREENCHIMENTO OPCIONAL;;1122;INVÁLIDO;SAO JOSE;;;PARA DE MINAS;;;FURTADO / ROUBADO (NAO RECUPERADO);ESPINGARDA / ESCOPETA;01/01/2019;21:43:18;1
2019-000097917-001;POLICIA MILITAR;3 PEL/19 CIA PM IND/7 RPM;19 CIA PM IND/7 RPM;C01155;CONSUMADO;AVENIDA;INVÁLIDO;AMAZONAS;PREENCHIMENTO OPCIONAL;;1122;INVÁLIDO;SAO JOSE;;;PARA DE MINAS;;;FURTADO / ROUBADO (NAO RECUPERADO);REVOLVER;01/01/2019;21:43:18;1
2019-000104243-001;POLICIA MILITAR;142 CIA PM/23 BPM/7 RPM;240 CIA TM/23 BPM/7 RPM;E03016;CONSUMADO;RUA;JESUS JOTA;;PREENCHIMENTO OPCIONAL;;1501;PONTE FUNDA;;bloco 02 ap 303;;DIVINOPOLIS;-20,15643730;-44,86144980;APREENDIDO;PISTOLA;01/01/2019;23:24:45;1
2019-000212891-001;POLICIA MILITAR;3 PEL/139 CIA PM/23 BPM/7 RPM;7 CIA PM MAMB/BPM MAMB/CPMAMB;E03012;CONSUMADO;POVOADO;MONSENHOR JOAO ALEXANDRE;;PREENCHIMENTO OPCIONAL;;0;INVÁLIDO;;fazenda souza;;CLAUDIO;-20,36652430;-44,68218020;APREENDIDO;ESPINGARDA / ESCOPETA;02/01/2019;17:17:18;2
2019-000231803-001;POLICIA MILITAR;53 CIA PM/23 BPM/7 RPM;7 CIA PM IND PE/7 RPM;I04033;CONSUMADO;RUA;MARTINHO FERREIRA DO AMARAL;;PREENCHIMENTO OPCIONAL;;300;PROLONGAMENTO BOM PASTOR;;APTO 304;;DIVINOPOLIS;-20,11234450;-44,87865310;APREENDIDO;ESPINGARDA / ESCOPETA;02/01/2019;18:20:00;1
2019-000260441-001;POLICIA MILITAR;107 CIA PM/7 BPM/7 RPM;107 CIA PM/7 BPM/7 RPM;E03012;CONSUMADO;TRAVESSA;ZINO GOMES;;PREENCHIMENTO OPCIONAL;;50;GOMES;;;;LAGOA DA PRATA;-20,01335480;-45,53598480;APREENDIDO;REVOLVER;02/01/2019;23:34:56;1
2019-000262992-001;POLICIA MILITAR;DESATIVADASRACIONAL SEDE/63 BPM;51 CIA PM/23 BPM/7 RPM;E03014;CONSUMADO;POVOADO;SUMIDOURO;;PREENCHIMENTO OPCIONAL;;0;INVÁLIDO;;;;ITAUNA;-20,11733330;-44,56712500;APREENDIDO;REVOLVER;03/01/2019;00:00:05;1
2019-000342800-002;POLICIA MILITAR;142 CIA PM/23 BPM/7 RPM;142 CIA PM/23 BPM/7 RPM;E99000;CONSUMADO;RUA;NOSSA SENHORA DAS GRACAS;;PREENCHIMENTO OPCIONAL;;490;MANOEL VALINHAS;;;;DIVINOPOLIS;-20,12716090;-44,87689370;APREENDIDO;REVOLVER;04/01/2019;08:30:00;1
2019-000429926-001;POLICIA MILITAR;142 CIA PM/23 BPM/7 RPM;142 CIA PM/23 BPM/7 RPM;E03014;CONSUMADO;POVOADO;LAGO DAS ROSEIRAS;;PREENCHIMENTO OPCIONAL;;0;INVÁLIDO;;;;DIVINOPOLIS;-20,24759150;-44,77049670;APREENDIDO;ESPINGARDA / ESCOPETA;03/01/2019;23:45:12;1
2019-000455651-001;POLICIA MILITAR;3 PEL/139 CIA PM/23 BPM/7 RPM;139 CIA PM/23 BPM/7 RPM;E99000;CONSUMADO;ESTRADA;DOS MACACOS;;PREENCHIMENTO OPCIONAL;;0;INVÁLIDO;;;;CLAUDIO;-20,46502010;-44,77726090;APREENDIDO;ESPINGARDA / ESCOPETA;04/01/2019;09:00:00;1
2019-000544043-001;POLICIA MILITAR;2 GP/3 PEL/51 CIA PM/23 BPM/7 RPM;51 CIA PM/23 BPM/7 RPM;E03012;CONSUMADO;POVOADO;PINHEIROS;;PREENCHIMENTO OPCIONAL;;0;INVÁLIDO;;;FAZENDA VALES DAS ÁGUAS;ITATIAIUCU;-20,18027780;-44,37861110;APREENDIDO;CARABINA / RIFLE;04/01/2019;18:07:29;1
2019-000544043-001;POLICIA MILITAR;2 GP/3 PEL/51 CIA PM/23 BPM/7 RPM;51 CIA PM/23 BPM/7 RPM;E03012;CONSUMADO;POVOADO;PINHEIROS;;PREENCHIMENTO OPCIONAL;;0;INVÁLIDO;;;FAZENDA VALES DAS ÁGUAS;ITATIAIUCU;-20,18027780;-44,37861110;APREENDIDO;GARRUCHA;04/01/2019;18:07:29;2
2019-000561630-001;POLICIA MILITAR;3 PEL/19 CIA PM IND/7 RPM;19 CIA PM IND/7 RPM;E99000;CONSUMADO;FAZENDA;INVÁLIDO;SAO TIAGO;PREENCHIMENTO OPCIONAL;;0;INVÁLIDO;ZONA RURAL;;;PARA DE MINAS;;;APREENDIDO;REVOLVER;04/01/2019;20:19:51;1
2019-000713270-001;POLICIA MILITAR;INVÁLIDO;280 CIA PM/60 BPM/7 RPM;B01121;CONSUMADO;POVOADO;INVÁLIDO;AREIAS BRANCAS/RUA 1;PREENCHIMENTO OPCIONAL;;420;INVÁLIDO;ZONA RURAL;;;NOVA SERRANA;;;APREENDIDO;REVOLVER;05/01/2019;21:29:04;1
2019-000722306-001;POLICIA MILITAR;2 GP/3 PEL/142 CIA PM/23 BPM/7 RPM;7 CIA PM IND PE/7 RPM;E03017;CONSUMADO;RUA;VEREADOR MILTON MILAGRE;;PREENCHIMENTO OPCIONAL;;101;INDUSTRIAL;;;;SAO GONCALO DO PARA;-19,97195830;-44,85897500;APREENDIDO;CARABINA / RIFLE;06/01/2019;01:41:36;1
2019-000722306-001;POLICIA MILITAR;2 GP/3 PEL/142 CIA PM/23 BPM/7 RPM;7 CIA PM IND PE/7 RPM;E03017;CONSUMADO;RUA;VEREADOR MILTON MILAGRE;;PREENCHIMENTO OPCIONAL;;101;INDUSTRIAL;;;;SAO GONCALO DO PARA;-19,97195830;-44,85897500;APREENDIDO;PISTOLA;06/01/2019;01:41:36;1
2019-000722306-001;POLICIA MILITAR;2 GP/3 PEL/142 CIA PM/23 BPM/7 RPM;7 CIA PM IND PE/7 RPM;E03017;CONSUMADO;RUA;VEREADOR MILTON MILAGRE;;PREENCHIMENTO OPCIONAL;;101;INDUSTRIAL;;;;SAO GONCALO DO PARA;-19,97195830;-44,85897500;APREENDIDO;REVOLVER;06/01/2019;01:41:36;3
2019-000846747-001;POLICIA MILITAR;DESATIVADASRACIONAL SEDE/63 BPM;51 CIA PM/23 BPM/7 RPM;E03012;CONSUMADO;ALAMEDA;CANARINHOS;;PREENCHIMENTO OPCIONAL;;40;PARQUE DO LAGO;;;;ITATIAIUCU;-20,21321360;-44,43626920;APREENDIDO;PISTOLA;07/01/2019;02:00:00;1
2019-000904768-001;POLICIA MILITAR;3 PEL/139 CIA PM/23 BPM/7 RPM;139 CIA PM/23 BPM/7 RPM;C01157;CONSUMADO;RUA;PADRE MANOEL;;PREENCHIMENTO OPCIONAL;;55;CENTRO;;;;CLAUDIO;-20,44342410;-44,76398310;APREENDIDO;GARRUCHA;07/01/2019;09:40:00;1
2019-000972202-001;POLICIA MILITAR;2 PEL/141 CIA PM/7 BPM/7 RPM;141 CIA PM/7 BPM/7 RPM;E03012;CONSUMADO;RUA;PREFEITO ALVIMAR AUG DE OLIVEIRA;;PREENCHIMENTO OPCIONAL;;381;CENTRO;;;;ESTRELA DO INDAIA;-19,52335600;-45,77696910;APREENDIDO;REVOLVER;07/01/2019;17:50:00;1
2019-001020403-001;POLICIA MILITAR;INVÁLIDO;139 CIA PM/23 BPM/7 RPM;B01147;CONSUMADO;RUA;INVÁLIDO;JOAO FERREIRA DE OLIVEIRA;PREENCHIMENTO OPCIONAL;;621;INVÁLIDO;QUINTINO;;"""PRÓXIMO AO CAMPO DE FUTEBOL"".";DIVINOPOLIS;;;APREENDIDO;PISTOLA;08/01/2019;00:12:32;1
2019-001232859-001;POLICIA MILITAR;3 PEL/290 CIA PM/63 BPM/7 RPM;290 CIA PM/63 BPM/7 RPM;I04033;CONSUMADO;RUA;BONFIM;;PREENCHIMENTO OPCIONAL;;210;CENTRO;;;;SAO SEBASTIAO DO OESTE;-20,27206560;-45,00199220;APREENDIDO;REVOLVER;09/01/2019;10:40:00;1
2019-001242841-001;POLICIA MILITAR;3 PEL/290 CIA PM/63 BPM/7 RPM;290 CIA PM/63 BPM/7 RPM;E03012;CONSUMADO;RODOVIA;BR 494;BR 494 KM 67;PREENCHIMENTO OPCIONAL;;67.0000;INVÁLIDO;ZONA RURAL MARILANDIA;;FAZENDA ESTIVA;ITAPECERICA;-20,42901280;-44,91117630;APREENDIDO;GARRUCHA;09/01/2019;11:20:00;1
2019-001313231-001;POLICIA MILITAR;53 CIA PM/23 BPM/7 RPM;7 CIA PM IND PE/7 RPM;E03014;CONSUMADO;RUA;JOAO FERREIRA DE OLIVEIRA;;PREENCHIMENTO OPCIONAL;;571;QUINTINO;;;;DIVINOPOLIS;-20,15877650;-44,93312880;APREENDIDO;REVOLVER;09/01/2019;19:27:51;1
2019-001322299-001;POLICIA MILITAR;50 CIA PM/7 BPM/7 RPM;50 CIA PM/7 BPM/7 RPM;C99000;CONSUMADO;RUA;CAETES;CAETES;PREENCHIMENTO OPCIONAL;;486.000;CENTRO;ALVORADA;;;MOEMA;-19,84325350;-45,41406510;EXTRAVIADO;REVOLVER;09/01/2019;18:52:54;1
2019-001368965-001;POLICIA MILITAR;53 CIA PM/23 BPM/7 RPM;7 CIA PM MAMB/BPM MAMB/CPMAMB;E03012;CONSUMADO;RUA;VEREADOR CINTICO;;PREENCHIMENTO OPCIONAL;;30;VISTA ALEGRE;;;DISTRITO DE SANTO ANTÔNIO DOS CAMPOS;DIVINOPOLIS;-20,10262570;-44,96286910;APREENDIDO;ESPINGARDA / ESCOPETA;10/01/2019;07:32:52;1
2019-001502171-001;POLICIA MILITAR;2 PEL/290 CIA PM/63 BPM/7 RPM;63 BPM/7 RPM;B01121;CONSUMADO;RUA;CELIO DE OLIVEIRA GUIMARAES;;PREENCHIMENTO OPCIONAL;;154;RECANTO DA PRAIA;;;;FORMIGA;-20,48513090;-45,43785470;APREENDIDO;REVOLVER;10/01/2019;22:05:52;1
2019-001553775-001;POLICIA MILITAR;142 CIA PM/23 BPM/7 RPM;7 CIA PM RV/BPMRV/CPRV;I04028;CONSUMADO;RUA;ITAUNA;;PREENCHIMENTO OPCIONAL;;291;ICARAI;;;;DIVINOPOLIS;-20,11319900;-44,85086870;APREENDIDO;ARMAS DE PRESSAO IGUAL OU INFERIOR A 6MM;11/01/2019;09:00:00;1
2019-001663344-001;POLICIA MILITAR;1 PEL/118 CIA PM/7 BPM/7 RPM;118 CIA PM/7 BPM/7 RPM;I04033;CONSUMADO;RUA;SAO GERALDO;;PREENCHIMENTO OPCIONAL;;449;TREVO;;;;POMPEU;-19,22545800;-44,99717030;APREENDIDO;REVOLVER;11/01/2019;20:15:00;1
2019-001683345-001;POLICIA MILITAR;3 PEL/107 CIA PM/7 BPM/7 RPM;107 CIA PM/7 BPM/7 RPM;B01121;CONSUMADO;FAZENDA;BALSAMO;BALSAMO;PREENCHIMENTO OPCIONAL;;0.00000;INVÁLIDO;ZONA RURAL;;;LUZ;-19,76589630;-45,80665470;OUTROS - SITUACAO DO MATERIAL;REVOLVER;11/01/2019;21:15:00;1
2019-001687603-001;POLICIA MILITAR;3 PEL/142 CIA PM/23 BPM/7 RPM;142 CIA PM/23 BPM/7 RPM;C01155;CONSUMADO;POVOADO;RIBEIROS;;PREENCHIMENTO OPCIONAL;;0;INVÁLIDO;;;;CARMO DO CAJURU;-20,26547710;-44,69408310;FURTADO / ROUBADO (NAO RECUPERADO);ESPINGARDA / ESCOPETA;12/01/2019;00:34:23;2
2019-001766632-001;POLICIA MILITAR;INVÁLIDO;68 CIA TM/60 BPM/7 RPM;E03012;CONSUMADO;RUA;INVÁLIDO;JOAO BATISTA NETO;PREENCHIMENTO OPCIONAL;;272;INVÁLIDO;SAO JOSE;;;NOVA SERRANA;;;APREENDIDO;REVOLVER;12/01/2019;17:26:06;1
2019-001842339-001;POLICIA MILITAR;3 PEL/290 CIA PM/63 BPM/7 RPM;290 CIA PM/63 BPM/7 RPM;E03014;CONSUMADO;PRACA;ROSARIO;;PREENCHIMENTO OPCIONAL;;178;CENTRO;;;;SAO SEBASTIAO DO OESTE;-20,27482470;-45,00350720;APREENDIDO;ESPINGARDA / ESCOPETA;13/01/2019;06:30:00;1
2019-001922018-001;POLICIA MILITAR;2 PEL/241 CIA PM/63 BPM/7 RPM;241 CIA PM/63 BPM/7 RPM;E03015;CONSUMADO;RUA;PRESIDENTE TANCREDO NEVES;;PREENCHIMENTO OPCIONAL;;205;VILA COSTINA;;PRAÇA LUIZ MENINO;;PAINS;-20,38798980;-45,80490160;APREENDIDO;ESPINGARDA / ESCOPETA;13/01/2019;18:00:00;1
2019-001953285-001;POLICIA MILITAR;2 GP/3 PEL/280 CIA PM/60 BPM/7 RPM;280 CIA PM/60 BPM/7 RPM;C01155;CONSUMADO;POVOADO;VELHO DO TAIPA;;PREENCHIMENTO OPCIONAL;;0;INVÁLIDO;ZONA RURAL;;;CONCEICAO DO PARA;;;FURTADO / ROUBADO (NAO RECUPERADO);ESPINGARDA / ESCOPETA;14/01/2019;02:45:00;1
2019-002084611-001;POLICIA MILITAR;3 PEL/19 CIA PM IND/7 RPM;19 CIA PM IND/7 RPM;I04033;CONSUMADO;RUA;ITAQUERA;;PREENCHIMENTO OPCIONAL;;465;DA PROVIDENCIA;;;;PARA DE MINAS;-19,86748250;-44,58373890;APREENDIDO;REVOLVER;14/01/2019;19:36:20;1
2019-002202665-001;POLICIA MILITAR;1 PEL/118 CIA PM/7 BPM/7 RPM;118 CIA PM/7 BPM/7 RPM;E03012;CONSUMADO;RUA;JOAO MACHADO;;PREENCHIMENTO OPCIONAL;;2067;NOSSA SENHORA APARECIDA;;;;POMPEU;-19,22748650;-45,00693840;APREENDIDO;ESPINGARDA POLVEIRA;15/01/2019;14:50:00;1
2019-002247854-001;POLICIA MILITAR;50 CIA PM/7 BPM/7 RPM;50 CIA PM/7 BPM/7 RPM;E99000;CONSUMADO;RUA;ESPINOSA;;PREENCHIMENTO OPCIONAL;;2250;JK;;;;BOM DESPACHO;-19,74909360;-45,28819800;APREENDIDO;ESPINGARDA POLVEIRA;15/01/2019;18:45:32;1
2019-002254282-001;POLICIA MILITAR;60 BPM/7 RPM;68 CIA TM/60 BPM/7 RPM;E03012;CONSUMADO;RUA;DIRETORA MARIA DO CARMO;;PREENCHIMENTO OPCIONAL;;61;CENTRO;;;;NOVA SERRANA;-19,87901510;-44,98369040;APREENDIDO;REVOLVER;15/01/2019;19:23:31;1
2019-002283228-001;POLICIA MILITAR;60 BPM/7 RPM;280 CIA PM/60 BPM/7 RPM;E03014;CONSUMADO;AVENIDA;AMARAL;;PREENCHIMENTO OPCIONAL;;670;NOVO HORIZONTE;;;;NOVA SERRANA;-19,85695390;-44,99470550;APREENDIDO;REVOLVER;15/01/2019;23:24:38;1
2019-002328973-001;POLICIA MILITAR;60 BPM/7 RPM;279 CIA PM/60 BPM/7 RPM;I04033;CONSUMADO;RUA;INVÁLIDO;VICENTE TELES DE FARIA;PREENCHIMENTO OPCIONAL;;1095;INVÁLIDO;JEFERSON BATISTA DE FREITAS;;;NOVA SERRANA;;;APREENDIDO;REVOLVER;16/01/2019;09:50:00;1
2019-002600919-001;POLICIA MILITAR;50 CIA PM/7 BPM/7 RPM;50 CIA PM/7 BPM/7 RPM;I04033;CONSUMADO;AVENIDA;LAGOA VERDE;;PREENCHIMENTO OPCIONAL;;2189;NOVO SÃO VICENTE;;;NÚMERO REAL É 2179;BOM DESPACHO;-19,73723100;-45,28307970;APREENDIDO;REVOLVER;17/01/2019;18:52:53;1
2019-002611122-001;POLICIA MILITAR;INVÁLIDO;19 CIA PM IND/7 RPM;I04033;CONSUMADO;RUA;INVÁLIDO;ABAETE;PREENCHIMENTO OPCIONAL;;0;INVÁLIDO;VARZEA;;;PARA DE MINAS;;;APREENDIDO;PISTOLA;17/01/2019;21:49:34;1
2019-002692190-001;POLICIA MILITAR;DESATIVADASRACIONAL SEDE/63 BPM;51 CIA PM/23 BPM/7 RPM;C01157;CONSUMADO;RUA;VIRGILIO GONCALVES;;PREENCHIMENTO OPCIONAL;;367;GARCIAS;;;;ITAUNA;-20,09092310;-44,60090090;APREENDIDO;ARMAS DE PRESSAO IGUAL OU INFERIOR A 6MM;18/01/2019;11:59:27;1
2019-002817200-001;POLICIA MILITAR;107 CIA PM/7 BPM/7 RPM;107 CIA PM/7 BPM/7 RPM;E03015;CONSUMADO;ALAMEDA;IPE AMARELO;;PREENCHIMENTO OPCIONAL;;69;CIDADE JARDIM;;;;LAGOA DA PRATA;-20,03425130;-45,54581960;APREENDIDO;REVOLVER;19/01/2019;03:56:22;1
2019-002832488-001;POLICIA MILITAR;1 PEL/118 CIA PM/7 BPM/7 RPM;7 CIA PM RV/BPMRV/CPRV;E03014;CONSUMADO;RODOVIA;MG 420;;PREENCHIMENTO OPCIONAL;;41;BELVEDERE;;;;POMPEU;-19,22832410;-44,97620550;APREENDIDO;REVOLVER;19/01/2019;09:00:00;1
2019-002918898-001;POLICIA MILITAR;1 PEL/118 CIA PM/7 BPM/7 RPM;118 CIA PM/7 BPM/7 RPM;E03012;CONSUMADO;RUA;TENENTE JOSINO;;PREENCHIMENTO OPCIONAL;;415;VOLTA DO BREJO;;CASA;;POMPEU;-19,21591270;-44,98414090;APREENDIDO;ESPINGARDA POLVEIRA;19/01/2019;22:00:00;1
2019-002918898-001;POLICIA MILITAR;1 PEL/118 CIA PM/7 BPM/7 RPM;118 CIA PM/7 BPM/7 RPM;E03012;CONSUMADO;RUA;TENENTE JOSINO;;PREENCHIMENTO OPCIONAL;;415;VOLTA DO BREJO;;CASA;;POMPEU;-19,21591270;-44,98414090;APREENDIDO;GARRUCHA;19/01/2019;22:00:00;1
2019-002950038-001;POLICIA MILITAR;2 PEL/290 CIA PM/63 BPM/7 RPM;290 CIA PM/63 BPM/7 RPM;A03000;CONSUMADO;RUA;OLINTO FONSECA;;PREENCHIMENTO OPCIONAL;;850;CENTRO;;;;PIMENTA;-20,47726770;-45,80044420;APREENDIDO;REVOLVER;20/01/2019;02:00:00;1
2019-003032008-001;POLICIA MILITAR;2 PEL/118 CIA PM/7 BPM/7 RPM;118 CIA PM/7 BPM/7 RPM;E03012;CONSUMADO;RUA;OLAVO ALVES PINTO;;PREENCHIMENTO OPCIONAL;;396;ALTO SAO FRANCISCO;;;;MARTINHO CAMPOS;-19,32354010;-45,23678320;APREENDIDO;PISTOLA;20/01/2019;18:35:00;1
2019-003104195-001;POLICIA MILITAR;DESATIVADASRACIONAL SEDE/63 BPM;51 CIA PM/23 BPM/7 RPM;E03012;CONSUMADO;RUA;LEOPOLDINA CORREA;;PREENCHIMENTO OPCIONAL;;256;SANTANENSE;;fundos;;ITAUNA;-20,07165460;-44,60735450;APREENDIDO;REVOLVER;21/01/2019;10:47:03;1
2019-003169933-001;POLICIA MILITAR;3 PEL/139 CIA PM/23 BPM/7 RPM;7 CIA PM MAMB/BPM MAMB/CPMAMB;E03012;CONSUMADO;POVOADO;CACHOEIRA PIOS;;PREENCHIMENTO OPCIONAL;;0;INVÁLIDO;;;;CLAUDIO;-20,39036100;-44,81377800;APREENDIDO;ESPINGARDA / ESCOPETA;21/01/2019;16:31:27;1
2019-003275470-001;POLICIA MILITAR;4 PEL/19 CIA PM IND/7 RPM;19 CIA PM IND/7 RPM;E03012;CONSUMADO;RUA;DO CRUZEIRO;;PREENCHIMENTO OPCIONAL;;0;CENTRO;;;;MARAVILHAS;-19,51365370;-44,67672800;APREENDIDO;REVOLVER;22/01/2019;09:00:00;1
2019-003373690-001;POLICIA MILITAR;3 PEL/290 CIA PM/63 BPM/7 RPM;290 CIA PM/63 BPM/7 RPM;C01155;CONSUMADO;POVOADO;TRES BARRAS;;PREENCHIMENTO OPCIONAL;;0;INVÁLIDO;;;;SAO SEBASTIAO DO OESTE;-20,25047200;-45,10050930;FURTADO / ROUBADO (NAO RECUPERADO);ESPINGARDA / ESCOPETA;22/01/2019;12:00:00;1
2019-003373690-001;POLICIA MILITAR;3 PEL/290 CIA PM/63 BPM/7 RPM;290 CIA PM/63 BPM/7 RPM;C01155;CONSUMADO;POVOADO;TRES BARRAS;;PREENCHIMENTO OPCIONAL;;0;INVÁLIDO;;;;SAO SEBASTIAO DO OESTE;-20,25047200;-45,10050930;FURTADO / ROUBADO (NAO RECUPERADO);PISTOLA;22/01/2019;12:00:00;1
2019-003472804-001;POLICIA MILITAR;3 PEL/141 CIA PM/7 BPM/7 RPM;141 CIA PM/7 BPM/7 RPM;Y10003;CONSUMADO;DISTRITO;FREI ORLANDO;;PREENCHIMENTO OPCIONAL;;0;INVÁLIDO;;;;MORADA NOVA DE MINAS;-18,83817330;-45,22561210;APREENDIDO;ARMAS DE PRESSAO ACIMA DE 6MM;23/01/2019;06:00:00;1
2019-003472804-001;POLICIA MILITAR;3 PEL/141 CIA PM/7 BPM/7 RPM;141 CIA PM/7 BPM/7 RPM;Y10003;CONSUMADO;DISTRITO;FREI ORLANDO;;PREENCHIMENTO OPCIONAL;;0;INVÁLIDO;;;;MORADA NOVA DE MINAS;-18,83817330;-45,22561210;APREENDIDO;REVOLVER;23/01/2019;06:00:00;1
2019-003474480-001;POLICIA MILITAR;60 BPM/7 RPM;280 CIA PM/60 BPM/7 RPM;C01157;CONSUMADO;RUA;INVÁLIDO;PARAGUACU;PREENCHIMENTO OPCIONAL;;1025;INVÁLIDO;CONCESSO ELIAS;;;NOVA SERRANA;;;APREENDIDO;GARRUCHA;23/01/2019;13:23:49;1
2019-003531899-001;POLICIA MILITAR;3 PEL/19 CIA PM IND/7 RPM;19 CIA PM IND/7 RPM;I04033;CONSUMADO;RUA;LAMENTACOES;;PREENCHIMENTO OPCIONAL;;30;SANTOS DUMONT;;;;PARA DE MINAS;-19,84306620;-44,59006630;APREENDIDO;ESPINGARDA POLVEIRA;23/01/2019;17:55:22;1
2019-003667516-001;POLICIA MILITAR;142 CIA PM/23 BPM/7 RPM;7 CIA PM IND PE/7 RPM;I04033;CONSUMADO;RUA;DEPUTADO JAIME MARTINS;;PREENCHIMENTO OPCIONAL;;82;SAO JOAO DE DEUS;;;;DIVINOPOLIS;-20,13866180;-44,87074700;APREENDIDO;REVOLVER;24/01/2019;15:19:50;1
2019-003693605-001;POLICIA MILITAR;3 PEL/142 CIA PM/23 BPM/7 RPM;142 CIA PM/23 BPM/7 RPM;E03014;CONSUMADO;ALAMEDA;DOS IPES;;PREENCHIMENTO OPCIONAL;;707;VITORIA;;;;CARMO DO CAJURU;-20,19985320;-44,75033520;APREENDIDO;ESPINGARDA POLVEIRA;24/01/2019;17:23:20;3
2019-003710764-001;POLICIA MILITAR;1 PEL/118 CIA PM/7 BPM/7 RPM;118 CIA PM/7 BPM/7 RPM;E03014;CONSUMADO;RUA;INACIO DIOGO;;PREENCHIMENTO OPCIONAL;;493;DOS CRISTOS;;;;POMPEU;-19,22015430;-45,01057590;APREENDIDO;REVOLVER;24/01/2019;18:35:00;1
2019-003813294-001;POLICIA MILITAR;1 PEL/118 CIA PM/7 BPM/7 RPM;118 CIA PM/7 BPM/7 RPM;E03013;CONSUMADO;SITIO;ENGENHEIRO BICALHO;ANA MARIA;PREENCHIMENTO OPCIONAL;;161.000;CENTRO;ZONA RURAL;;;POMPEU;-19,21782790;-45,00359970;APREENDIDO;GARRUCHA;25/01/2019;10:35:00;1
2019-003869640-001;POLICIA MILITAR;60 BPM/7 RPM;7 CIA PM IND PE/7 RPM;E03012;CONSUMADO;RUA;SANTA GENOVEVA;;PREENCHIMENTO OPCIONAL;;910;CONCESSO ELIAS;;;;NOVA SERRANA;-19,85904360;-44,98915730;APREENDIDO;PISTOLA;25/01/2019;17:52:29;1
2019-004048130-001;POLICIA MILITAR;3 PEL/290 CIA PM/63 BPM/7 RPM;290 CIA PM/63 BPM/7 RPM;C01157;CONSUMADO;RUA;CALIFORNIA;;PREENCHIMENTO OPCIONAL;;321;DISTRITO DE MARILANDIA;;;;ITAPECERICA;-20,35762500;-44,93324570;APREENDIDO;REVOLVER;26/01/2019;18:30:00;1
2019-004049106-001;POLICIA MILITAR;60 BPM/7 RPM;280 CIA PM/60 BPM/7 RPM;E03014;CONSUMADO;AVENIDA;BAHIA;;PREENCHIMENTO OPCIONAL;;3200;PLANALTO;;;;NOVA SERRANA;-19,86315090;-44,97600900;APREENDIDO;REVOLVER;26/01/2019;23:09:43;1
2019-004127052-001;POLICIA MILITAR;60 BPM/7 RPM;279 CIA PM/60 BPM/7 RPM;B01147;CONSUMADO;RUA;PATRICIA LACERDA;;PREENCHIMENTO OPCIONAL;;626;VILA ANDRE DE FREITAS;;;;NOVA SERRANA;-19,87721610;-44,97561050;APREENDIDO;ARMAS DE PRESSAO IGUAL OU INFERIOR A 6MM;27/01/2019;16:49:05;1
2019-004184246-001;POLICIA MILITAR;4 PEL/19 CIA PM IND/7 RPM;19 CIA PM IND/7 RPM;E03016;CONSUMADO;AVENIDA;CRISPIM ALVES MAGALHAES;;PREENCHIMENTO OPCIONAL;;52;CIDADE NOVA;;;;MARAVILHAS;-19,51895390;-44,68182230;APREENDIDO;PISTOLA;27/01/2019;23:30:00;1
2019-004503964-001;POLICIA MILITAR;3 PEL/290 CIA PM/63 BPM/7 RPM;290 CIA PM/63 BPM/7 RPM;E03012;CONSUMADO;POVOADO;TRES BARRAS;;PREENCHIMENTO OPCIONAL;;0;INVÁLIDO;;;POVOADO TIRA CHAPEU;SAO SEBASTIAO DO OESTE;-20,25047200;-45,10050930;APREENDIDO;ESPINGARDA / ESCOPETA;29/01/2019;17:30:00;1
2019-004677679-001;POLICIA MILITAR;1 PEL/118 CIA PM/7 BPM/7 RPM;118 CIA PM/7 BPM/7 RPM;E03014;CONSUMADO;RUA;ELEOTERIA ALVES MARTINS;;ANTONIO CANDIDO CASTELO BRANCO FILHO;;;DONA IZABEL;;;;POMPEU;-19,20900190;-45,00542980;APREENDIDO;PISTOLA;30/01/2019;19:00:00;1
2019-004720347-001;POLICIA MILITAR;3 PEL/19 CIA PM IND/7 RPM;19 CIA PM IND/7 RPM;I04033;CONSUMADO;RUA;INVÁLIDO;NOSSA SENHORA DE FATIMA;PREENCHIMENTO OPCIONAL;;206;INVÁLIDO;RESIDENCIAL JOAO GOMES;;;IGARATINGA;-19,96180556;-44,70908333;APREENDIDO;ESPINGARDA POLVEIRA;30/01/2019;23:20:00;1
2019-004852010-001;POLICIA MILITAR;50 CIA PM/7 BPM/7 RPM;50 CIA PM/7 BPM/7 RPM;E03014;CONSUMADO;BECO;TABATINGA;;PREENCHIMENTO OPCIONAL;;100;CONJUNTO HABITACIONAL GERALDO SABIA;;;;BOM DESPACHO;-19,73975260;-45,24338960;APREENDIDO;REVOLVER;31/01/2019;18:52:08;1
2019-004853174-001;POLICIA MILITAR;60 BPM/7 RPM;279 CIA PM/60 BPM/7 RPM;E03012;CONSUMADO;RUA;ZACARIAS GUIMARAES;;PREENCHIMENTO OPCIONAL;;1385;SAO GERALDO IL;;;;NOVA SERRANA;-19,88029560;-44,96960980;APREENDIDO;REVOLVER;31/01/2019;19:23:00;1
2019-004860163-001;POLICIA MILITAR;3 PEL/139 CIA PM/23 BPM/7 RPM;139 CIA PM/23 BPM/7 RPM;C01157;TENTADO;RUA;ITAGUARA;;PREENCHIMENTO OPCIONAL;;35.0000;CENTRO;;;;CLAUDIO;-20,44394630;-44,76607250;APREENDIDO;REVOLVER;31/01/2019;18:35:00;1
2019-004893897-001;POLICIA MILITAR;INVÁLIDO;19 CIA PM IND/7 RPM;B01147;CONSUMADO;RODOVIA;INVÁLIDO;BR 352;PREENCHIMENTO OPCIONAL;;0;INVÁLIDO;;;;PARA DE MINAS;;;APREENDIDO;ESPINGARDA / ESCOPETA;01/02/2019;00:35:35;1
2019-004893897-001;POLICIA MILITAR;INVÁLIDO;19 CIA PM IND/7 RPM;B01147;CONSUMADO;RODOVIA;INVÁLIDO;BR 352;PREENCHIMENTO OPCIONAL;;0;INVÁLIDO;;;;PARA DE MINAS;;;APREENDIDO;REVOLVER;01/02/2019;00:35:35;1
2019-004899866-001;POLICIA MILITAR;3 PEL/280 CIA PM/60 BPM/7 RPM;280 CIA PM/60 BPM/7 RPM;C01157;TENTADO;RUA;JOAO CECILIO DOS SANTOS;;PREENCHIMENTO OPCIONAL;;423;MORADA DO SOL;;;;PITANGUI;-19,67985600;-44,90059020;APREENDIDO;REVOLVER;31/01/2019;22:00:00;1
2019-004900113-001;POLICIA MILITAR;3 PEL/280 CIA PM/60 BPM/7 RPM;60 BPM/7 RPM;K99000;CONSUMADO;RUA;JOAO CECILIO DOS SANTOS;;PREENCHIMENTO OPCIONAL;;413;MORADA DO SOL;;;;PITANGUI;-19,67981620;-44,90050830;APREENDIDO;PISTOLA;01/02/2019;02:04:40;1
2019-004911414-001;POLICIA MILITAR;141 CIA PM/7 BPM/7 RPM;141 CIA PM/7 BPM/7 RPM;Y10001;CONSUMADO;FAZENDA;MARMELADA;;PREENCHIMENTO OPCIONAL;;0;INVÁLIDO;;;;ABAETE;-19,16700000;-45,55152800;APREENDIDO;CARABINA / RIFLE;01/02/2019;07:08:25;1
2019-004911414-001;POLICIA MILITAR;141 CIA PM/7 BPM/7 RPM;141 CIA PM/7 BPM/7 RPM;Y10001;CONSUMADO;FAZENDA;MARMELADA;;PREENCHIMENTO OPCIONAL;;0;INVÁLIDO;;;;ABAETE;-19,16700000;-45,55152800;APREENDIDO;ESPINGARDA / ESCOPETA;01/02/2019;07:08:25;1
2019-004911414-001;POLICIA MILITAR;141 CIA PM/7 BPM/7 RPM;141 CIA PM/7 BPM/7 RPM;Y10001;CONSUMADO;FAZENDA;MARMELADA;;PREENCHIMENTO OPCIONAL;;0;INVÁLIDO;;;;ABAETE;-19,16700000;-45,55152800;APREENDIDO;ESPINGARDA POLVEIRA;01/02/2019;07:08:25;1
2019-004911414-001;POLICIA MILITAR;141 CIA PM/7 BPM/7 RPM;141 CIA PM/7 BPM/7 RPM;Y10001;CONSUMADO;FAZENDA;MARMELADA;;PREENCHIMENTO OPCIONAL;;0;INVÁLIDO;;;;ABAETE;-19,16700000;-45,55152800;APREENDIDO;GARRUCHA;01/02/2019;07:08:25;2
2019-004911414-001;POLICIA MILITAR;141 CIA PM/7 BPM/7 RPM;141 CIA PM/7 BPM/7 RPM;Y10001;CONSUMADO;FAZENDA;MARMELADA;;PREENCHIMENTO OPCIONAL;;0;INVÁLIDO;;;;ABAETE;-19,16700000;-45,55152800;APREENDIDO;PISTOLETE (CALIBRE DE ESPINGARDA);01/02/2019;07:08:25;4
2019-004912001-001;POLICIA MILITAR;141 CIA PM/7 BPM/7 RPM;141 CIA PM/7 BPM/7 RPM;Y10001;CONSUMADO;RUA;PIO XII;BECO VILA MARIANA;PREENCHIMENTO OPCIONAL;;124.000;ZONA 02;;;;PAINEIRAS;-18,90606340;-45,53538480;APREENDIDO;REVOLVER;01/02/2019;06:30:00;1
2019-004912187-001;POLICIA MILITAR;141 CIA PM/7 BPM/7 RPM;141 CIA PM/7 BPM/7 RPM;Y10001;CONSUMADO;RUA;LUIZ GONZAGA DE SOUZA;;PREENCHIMENTO OPCIONAL;;120;MARMELADA;;;;ABAETE;-19,16261880;-45,44556580;APREENDIDO;GARRUCHA;01/02/2019;06:00:00;2
2019-004912986-001;POLICIA MILITAR;141 CIA PM/7 BPM/7 RPM;141 CIA PM/7 BPM/7 RPM;Y10001;CONSUMADO;RUA;ANTONIO PINTO DA FONSECA;;PREENCHIMENTO OPCIONAL;;210;ZONA 02;;;;PAINEIRAS;-18,90396610;-45,53714690;APREENDIDO;GARRUCHA;01/02/2019;06:35:00;1
2019-004912986-001;POLICIA MILITAR;141 CIA PM/7 BPM/7 RPM;141 CIA PM/7 BPM/7 RPM;Y10001;CONSUMADO;RUA;ANTONIO PINTO DA FONSECA;;PREENCHIMENTO OPCIONAL;;210;ZONA 02;;;;PAINEIRAS;-18,90396610;-45,53714690;APREENDIDO;REVOLVER;01/02/2019;06:35:00;1
2019-004914894-001;POLICIA MILITAR;141 CIA PM/7 BPM/7 RPM;141 CIA PM/7 BPM/7 RPM;Y10001;CONSUMADO;RUA;VALDEMAR JOSE FERNANDES;;PREENCHIMENTO OPCIONAL;;510;BERNARDO SOARES DE FARIA;;;;ABAETE;-19,17877200;-45,43579140;APREENDIDO;REVOLVER;01/02/2019;07:34:36;1
2019-004918667-001;POLICIA MILITAR;142 CIA PM/23 BPM/7 RPM;7 CIA PM IND PE/7 RPM;I04033;CONSUMADO;AVENIDA;GUAJAJARAS;;PREENCHIMENTO OPCIONAL;;1441;JARDIM DOS CANDIDES;;;;DIVINOPOLIS;-20,13063840;-44,83843270;APREENDIDO;PISTOLA;01/02/2019;08:40:04;2
2019-004940877-001;POLICIA MILITAR;3 PEL/107 CIA PM/7 BPM/7 RPM;107 CIA PM/7 BPM/7 RPM;E03012;CONSUMADO;AVENIDA;LAERTON PAULINELLI;;PREENCHIMENTO OPCIONAL;;1750;NOVO ORIENTE;;;;LUZ;-19,78740530;-45,67125810;APREENDIDO;PISTOLA;01/02/2019;11:00:00;1
2019-005030072-001;POLICIA MILITAR;141 CIA PM/7 BPM/7 RPM;141 CIA PM/7 BPM/7 RPM;E99000;CONSUMADO;RUELA;QUARENTA E DOIS;NOSSA SENHORA DO ROSARIO;PREENCHIMENTO OPCIONAL;;330.000;CENTRO;;;;CEDRO DO ABAETE;-19,14985380;-45,71382600;APREENDIDO;ESPINGARDA POLVEIRA;01/02/2019;20:06:00;1
2019-005033900-001;POLICIA MILITAR;1 PEL/118 CIA PM/7 BPM/7 RPM;118 CIA PM/7 BPM/7 RPM;E03012;CONSUMADO;RUA;VALDELINO ALVES DE SOUZA;;PREENCHIMENTO OPCIONAL;;170;VARZEA DAS FLORES;;NUMERO CORRETO 171;;POMPEU;-19,23352560;-44,99641790;APREENDIDO;REVOLVER;01/02/2019;20:40:00;1
2019-005040078-001;POLICIA MILITAR;INVÁLIDO;19 CIA PM IND/7 RPM;I04033;CONSUMADO;RUA;INVÁLIDO;DOIS, CONDOMINIO 2, BLOCO 1;PREENCHIMENTO OPCIONAL;;;INVÁLIDO;CONJUNTO HABITACIONAL CECILIA MEIRELES;AP 206;;PARA DE MINAS;;;APREENDIDO;ESPINGARDA / ESCOPETA;01/02/2019;21:53:09;1
2019-005045419-001;POLICIA MILITAR;INVÁLIDO;280 CIA PM/60 BPM/7 RPM;B01121;CONSUMADO;RUA;INVÁLIDO;SAO LOURENCO;PREENCHIMENTO OPCIONAL;;618;INVÁLIDO;NOVO HORIZONTE;;;NOVA SERRANA;;;APREENDIDO;GARRUCHA;01/02/2019;21:17:20;1
2019-005092256-001;POLICIA MILITAR;3 PEL/139 CIA PM/23 BPM/7 RPM;7 CIA PM IND PE/7 RPM;E03014;CONSUMADO;RUA;JORGE ADRIANO SILVA;;PREENCHIMENTO OPCIONAL;;297;SANTA MARIA;;;;CLAUDIO;-20,43598000;-44,78467740;APREENDIDO;GARRUCHA;02/02/2019;09:56:29;1
2019-005092256-001;POLICIA MILITAR;3 PEL/139 CIA PM/23 BPM/7 RPM;7 CIA PM IND PE/7 RPM;E03014;CONSUMADO;RUA;JORGE ADRIANO SILVA;;PREENCHIMENTO OPCIONAL;;297;SANTA MARIA;;;;CLAUDIO;-20,43598000;-44,78467740;APREENDIDO;REVOLVER;02/02/2019;09:56:29;1
2019-005105952-001;POLICIA MILITAR;60 BPM/7 RPM;279 CIA PM/60 BPM/7 RPM;C01180;CONSUMADO;RUA;MARIA DE SOUZA RIBEIRO;;PREENCHIMENTO OPCIONAL;;570;JUCA FIRMINO;;;;ARAUJOS;-19,94036730;-45,16391360;APREENDIDO;REVOLVER;02/02/2019;12:21:01;1
2019-005182153-001;POLICIA MILITAR;1 PEL/118 CIA PM/7 BPM/7 RPM;118 CIA PM/7 BPM/7 RPM;E03016;CONSUMADO;AVENIDA;DAS OLIVEIRAS;;PREENCHIMENTO OPCIONAL;;421;PARQUE CIDADE JARDIM;;;;POMPEU;-19,24006430;-44,99564850;APREENDIDO;ESPINGARDA / ESCOPETA;02/02/2019;19:50:00;1
2019-005182153-001;POLICIA MILITAR;1 PEL/118 CIA PM/7 BPM/7 RPM;118 CIA PM/7 BPM/7 RPM;E03016;CONSUMADO;AVENIDA;DAS OLIVEIRAS;;PREENCHIMENTO OPCIONAL;;421;PARQUE CIDADE JARDIM;;;;POMPEU;-19,24006430;-44,99564850;APREENDIDO;PISTOLA;02/02/2019;19:50:00;1
2019-005182153-001;POLICIA MILITAR;1 PEL/118 CIA PM/7 BPM/7 RPM;118 CIA PM/7 BPM/7 RPM;E03016;CONSUMADO;AVENIDA;DAS OLIVEIRAS;;PREENCHIMENTO OPCIONAL;;421;PARQUE CIDADE JARDIM;;;;POMPEU;-19,24006430;-44,99564850;APREENDIDO;REVOLVER;02/02/2019;19:50:00;1
2019-005189744-001;POLICIA MILITAR;142 CIA PM/23 BPM/7 RPM;240 CIA TM/23 BPM/7 RPM;E03016;CONSUMADO;RUA;MARECHAL FLORIANO PEIXOTO;;PREENCHIMENTO OPCIONAL;;171;HALIM SOUKI;;;;DIVINOPOLIS;-20,13381470;-44,86339840;APREENDIDO;PISTOLA;03/02/2019;00:00:40;1
2019-005192750-001;POLICIA MILITAR;2 PEL/290 CIA PM/63 BPM/7 RPM;290 CIA PM/63 BPM/7 RPM;E08019;CONSUMADO;RUA;NOSSA SENHORA LIVRAMENTO;;PREENCHIMENTO OPCIONAL;;30;SANTO ANTÔNIO;;;;PIMENTA;-20,47315060;-45,80315400;APREENDIDO;GARRUCHA;03/02/2019;00:30:00;1
2019-005204155-001;POLICIA MILITAR;2 PEL/290 CIA PM/63 BPM/7 RPM;63 BPM/7 RPM;E03014;CONSUMADO;RUA;PEDRO RODRIGUES DE MORAES;;PREENCHIMENTO OPCIONAL;;137;SANTO ANTONIO;;;;FORMIGA;-20,47259070;-45,43447490;APREENDIDO;REVOLVER;03/02/2019;03:10:19;1
2019-005297355-001;POLICIA MILITAR;141 CIA PM/7 BPM/7 RPM;141 CIA PM/7 BPM/7 RPM;E03015;CONSUMADO;RUA;JADER MOURA;;PREENCHIMENTO OPCIONAL;;664;CENTRO;;;;ABAETE;-19,15817830;-45,44878340;APREENDIDO;PISTOLA;03/02/2019;21:44:16;1
2019-005465484-001;POLICIA MILITAR;1 PEL/118 CIA PM/7 BPM/7 RPM;118 CIA PM/7 BPM/7 RPM;I04033;CONSUMADO;RUA;ALAIR CASTELO BRANCO;;PREENCHIMENTO OPCIONAL;;408;SANTO ANTONIO;;;;POMPEU;-19,22303740;-45,01111510;APREENDIDO;REVOLVER;04/02/2019;19:50:00;1
2019-005530438-001;POLICIA MILITAR;60 BPM/7 RPM;279 CIA PM/60 BPM/7 RPM;C01157;CONSUMADO;RUA;INVÁLIDO;NOVA SERRANA;PREENCHIMENTO OPCIONAL;;133;INVÁLIDO;IRM¿OS RUFO;;;PERDIGAO;;;FURTADO / ROUBADO (NAO RECUPERADO);PISTOLA;05/02/2019;08:37:38;1
2019-005664019-001;POLICIA MILITAR;50 CIA PM/7 BPM/7 RPM;50 CIA PM/7 BPM/7 RPM;E03015;CONSUMADO;RUA;PAULO PEREIRA DA COSTA;;PREENCHIMENTO OPCIONAL;;0;ALVORADA;;;;BOM DESPACHO;-19,71362940;-45,26303750;APREENDIDO;PISTOLA;06/02/2019;00:33:59;1
2019-005698840-001;POLICIA MILITAR;3 PEL/19 CIA PM IND/7 RPM;19 CIA PM IND/7 RPM;A03000;CONSUMADO;RUA;BENEDITO VALADARES;;PREENCHIMENTO OPCIONAL;;527;CENTRO;;APTO 202;;PARA DE MINAS;-19,86497160;-44,60444420;APREENDIDO;REVOLVER;06/02/2019;10:11:38;1
2019-005767125-001;POLICIA MILITAR;142 CIA PM/23 BPM/7 RPM;7 CIA PM IND PE/7 RPM;I04033;CONSUMADO;RUA;MARAVILHA;;PREENCHIMENTO OPCIONAL;;30;NITEROI;;;morro da pitimba;DIVINOPOLIS;-20,14387660;-44,87750320;APREENDIDO;SUBMETRALHADORA (USO RESTRITO);06/02/2019;16:53:05;1
2019-005829564-001;POLICIA MILITAR;141 CIA PM/7 BPM/7 RPM;141 CIA PM/7 BPM/7 RPM;E03015;CONSUMADO;FAZENDA;PALMEIRAS;PALMEIRAS;PREENCHIMENTO OPCIONAL;;0.00000;INVÁLIDO;;;;ABAETE;-19,15310740;-45,27090770;APREENDIDO;PISTOLA;06/02/2019;21:35:00;1
2019-005832950-001;POLICIA MILITAR;2 PEL/118 CIA PM/7 BPM/7 RPM;118 CIA PM/7 BPM/7 RPM;E03016;CONSUMADO;RUA;DOUTOR ROSCIO;;PREENCHIMENTO OPCIONAL;;500;SAO JORGE;;;oficina;MARTINHO CAMPOS;-19,32094260;-45,23398400;APREENDIDO;PISTOLA;07/02/2019;00:50:00;1
2019-005832950-001;POLICIA MILITAR;2 PEL/118 CIA PM/7 BPM/7 RPM;118 CIA PM/7 BPM/7 RPM;E03016;CONSUMADO;RUA;DOUTOR ROSCIO;;PREENCHIMENTO OPCIONAL;;500;SAO JORGE;;;oficina;MARTINHO CAMPOS;-19,32094260;-45,23398400;APREENDIDO;REVOLVER;07/02/2019;00:50:00;2
2019-005837783-001;POLICIA MILITAR;1 PEL/118 CIA PM/7 BPM/7 RPM;118 CIA PM/7 BPM/7 RPM;B01121;TENTADO;RUA;CHIQUINHO DA QUITA;;PREENCHIMENTO OPCIONAL;;175;VOLTA DO BREJO;;;;POMPEU;-19,21864430;-44,98582700;APREENDIDO;ESPINGARDA / ESCOPETA;07/02/2019;01:20:00;1
2019-005837783-001;POLICIA MILITAR;1 PEL/118 CIA PM/7 BPM/7 RPM;118 CIA PM/7 BPM/7 RPM;B01121;TENTADO;RUA;CHIQUINHO DA QUITA;;PREENCHIMENTO OPCIONAL;;175;VOLTA DO BREJO;;;;POMPEU;-19,21864430;-44,98582700;APREENDIDO;PISTOLA;07/02/2019;01:20:00;1
2019-005859034-001;POLICIA MILITAR;3 PEL/280 CIA PM/60 BPM/7 RPM;60 BPM/7 RPM;I04033;CONSUMADO;RUA;GOMIDES XAVIER SALDANHA;;PREENCHIMENTO OPCIONAL;;38;SAO FRANCISCO;;;;PITANGUI;-19,67913540;-44,88519240;APREENDIDO;PISTOLA;07/02/2019;09:29:44;1
2019-005880280-001;POLICIA MILITAR;141 CIA PM/7 BPM/7 RPM;141 CIA PM/7 BPM/7 RPM;E03012;CONSUMADO;FAZENDA;BOCAINA;;PREENCHIMENTO OPCIONAL;;0;INVÁLIDO;;;;PAINEIRAS;-18,85975000;-45,56680600;APREENDIDO;ESPINGARDA / ESCOPETA;07/02/2019;11:00:00;1
2019-005947995-001;POLICIA MILITAR;DESATIVADASRACIONAL SEDE/63 BPM;51 CIA PM/23 BPM/7 RPM;E03016;CONSUMADO;RUA;DOUTOR JOSE MARIA DE CASTRO PINTO;AUGUSTO GONCALVES PAULINO;PREENCHIMENTO OPCIONAL;;401.000;CHACREAMENTO VALE VERDE;ITAUNENSE;;;ITAUNA;-20,10075740;-44,61054540;APREENDIDO;PISTOLA;07/02/2019;18:13:53;1
2019-005965536-001;POLICIA MILITAR;60 BPM/7 RPM;68 CIA TM/60 BPM/7 RPM;E03014;CONSUMADO;RUA;CORONEL MARTINHO FERREIRA DO AMARAL;;PREENCHIMENTO OPCIONAL;;522;BEIJA FLOR;;;;NOVA SERRANA;-19,87530900;-44,98249600;APREENDIDO;PISTOLA;07/02/2019;19:49:55;1
2019-006171570-001;POLICIA MILITAR;50 CIA PM/7 BPM/7 RPM;7 BPM/7 RPM;C01157;CONSUMADO;RUA;VITORIO MENEGHIN;PADRE EUSTAQUIO;PREENCHIMENTO OPCIONAL;;1086.00;NOSSA SENHORA DE FATIMA;NOSSA SENHORA DE FATIMA;;;BOM DESPACHO;-19,72720490;-45,26456780;APREENDIDO;REVOLVER;08/02/2019;23:42:36;1
2019-006228950-001;POLICIA MILITAR;50 CIA PM/7 BPM/7 RPM;50 CIA PM/7 BPM/7 RPM;E03014;CONSUMADO;PRACA;MATRIZ;;PREENCHIMENTO OPCIONAL;;0;CENTRO;;;;BOM DESPACHO;-19,73716670;-45,25155400;APREENDIDO;REVOLVER;09/02/2019;13:13:45;1
2019-006264876-001;POLICIA MILITAR;2 PEL/241 CIA PM/63 BPM/7 RPM;241 CIA PM/63 BPM/7 RPM;E03014;CONSUMADO;ESTRADA;BOCA DA MATA;;PREENCHIMENTO OPCIONAL;;95;INVÁLIDO;;;;ARCOS;-20,29493190;-45,54671480;APREENDIDO;REVOLVER;09/02/2019;17:29:55;1
2019-006308956-001;POLICIA MILITAR;INVÁLIDO;7 CIA PM IND PE/7 RPM;E03016;CONSUMADO;RUA;INVÁLIDO;CAPELINHA;PREENCHIMENTO OPCIONAL;;62;INVÁLIDO;NOVO HORIZONTE;;;PERDIGAO;;;APREENDIDO;PISTOLA;09/02/2019;23:46:52;1
2019-006323995-001;POLICIA MILITAR;4 PEL/19 CIA PM IND/7 RPM;19 CIA PM IND/7 RPM;B01147;CONSUMADO;AVENIDA;CRISPIM ALVES MAGALHAES;;PREENCHIMENTO OPCIONAL;;162;CIDADE NOVA;;;;MARAVILHAS;-19,51871360;-44,68198380;APREENDIDO;OUTROS - TIPO DE ARMA;10/02/2019;00:10:00;1
2019-006355492-001;POLICIA MILITAR;INVÁLIDO;53 CIA PM/23 BPM/7 RPM;C01155;CONSUMADO;RUA;INVÁLIDO;TRES MARIAS;PREENCHIMENTO OPCIONAL;;501;INVÁLIDO;;;;DIVINOPOLIS;;;FURTADO / ROUBADO (NAO RECUPERADO);ARMAS DE PRESSAO IGUAL OU INFERIOR A 6MM;10/02/2019;10:44:53;1
2019-006394277-002;POLICIA MILITAR;2 PEL/241 CIA PM/63 BPM/7 RPM;241 CIA PM/63 BPM/7 RPM;E03012;CONSUMADO;RUA;DUZENTOS E SETE;;PREENCHIMENTO OPCIONAL;;0.00000;GARÇAS DE MINAS;GARÇAS DE MINAS;;;IGUATAMA;-20,18491100;-45,68477820;APREENDIDO;GARRUCHA;14/02/2019;13:30:00;1
2019-006454152-001;POLICIA MILITAR;1 PEL/118 CIA PM/7 BPM/7 RPM;7 CIA PM IND PE/7 RPM;I04033;CONSUMADO;RUA;OZEAS CORDEIRO VALADARES;;PREENCHIMENTO OPCIONAL;;1903;VARZEA DO GALINHEIRO;;;;POMPEU;-19,24475770;-44,98918760;APREENDIDO;REVOLVER;11/02/2019;03:01:34;1
2019-006488458-001;POLICIA MILITAR;50 CIA PM/7 BPM/7 RPM;COPOM/7 BPM/7 RPM;E99000;CONSUMADO;ACESSO RURAL;ACESSO AO POVOADO DA GARCA;;PREENCHIMENTO OPCIONAL;;0;INVÁLIDO;;;ESTRADA DA GARÇA;BOM DESPACHO;-19,74376640;-45,29113030;APREENDIDO;REVOLVER;11/02/2019;10:26:14;1
2019-006498741-001;POLICIA MILITAR;INVÁLIDO;7 CIA PM MAMB/BPM MAMB/CPMAMB;E03012;CONSUMADO;FAZENDA;INVÁLIDO;JACIRA;PREENCHIMENTO OPCIONAL;;0;INVÁLIDO;ZONA RURAL;;;BIQUINHAS;-18,69952778;-45,57775000;APREENDIDO;ESPINGARDA / ESCOPETA;11/02/2019;09:45:00;1
2019-006503997-001;POLICIA MILITAR;INVÁLIDO;7 CIA PM MAMB/BPM MAMB/CPMAMB;E03014;CONSUMADO;ESTRADA;INVÁLIDO;VICINAL DE ACESSO SANTANA DA PRATA;PREENCHIMENTO OPCIONAL;;0;INVÁLIDO;SANTANA DA PRATA;;;PITANGUI;-19,85105556;-44,82077778;APREENDIDO;GARRUCHA;11/02/2019;11:00:00;1
2019-006578838-001;POLICIA MILITAR;139 CIA PM/23 BPM/7 RPM;7 CIA PM IND PE/7 RPM;E03016;CONSUMADO;AVENIDA;FRANCISCO JOSE PEDRO;;PREENCHIMENTO OPCIONAL;;270;INVÁLIDO;;;;DIVINOPOLIS;;;APREENDIDO;PISTOLA;11/02/2019;16:30:00;1
2019-006578838-001;POLICIA MILITAR;139 CIA PM/23 BPM/7 RPM;7 CIA PM IND PE/7 RPM;E03016;CONSUMADO;AVENIDA;FRANCISCO JOSE PEDRO;;PREENCHIMENTO OPCIONAL;;270;INVÁLIDO;;;;DIVINOPOLIS;;;APREENDIDO;REVOLVER;11/02/2019;16:30:00;1
2019-006651465-001;POLICIA MILITAR;4 PEL/107 CIA PM/7 BPM/7 RPM;7 CIA PM MAMB/BPM MAMB/CPMAMB;E03012;CONSUMADO;SITIO;MEDEIROS;;PREENCHIMENTO OPCIONAL;;0;INVÁLIDO;;;;PEDRA DO INDAIA;-20,31765000;-45,28441100;APREENDIDO;ESPINGARDA POLVEIRA;12/02/2019;07:27:29;1
2019-006799799-001;POLICIA MILITAR;2 PEL/241 CIA PM/63 BPM/7 RPM;241 CIA PM/63 BPM/7 RPM;B01129;CONSUMADO;RUA;FORMIGA;;PREENCHIMENTO OPCIONAL;;114;CENTRO;;;;ARCOS;-20,29078210;-45,54320070;APREENDIDO;ARMAS DE PRESSAO IGUAL OU INFERIOR A 6MM;12/02/2019;22:32:28;1
2019-006873323-001;POLICIA MILITAR;142 CIA PM/23 BPM/7 RPM;7 CIA PM IND PE/7 RPM;B01121;TENTADO;RUA;LEVI GONCALVES GUIMARAES;;PREENCHIMENTO OPCIONAL;;50;JUSA FONSECA;;;;DIVINOPOLIS;-20,17298590;-44,87050630;APREENDIDO;REVOLVER;13/02/2019;10:44:59;1
2019-007001651-001;POLICIA MILITAR;1 PEL/118 CIA PM/7 BPM/7 RPM;118 CIA PM/7 BPM/7 RPM;E03014;CONSUMADO;RUA;GERALDO ALVES PARREIRA;;PREENCHIMENTO OPCIONAL;;123.000;CENTRO;centro;;;POMPEU;-19,21377840;-45,00082550;APREENDIDO;PISTOLA;13/02/2019;23:00:00;1
2019-007094892-001;POLICIA MILITAR;53 CIA PM/23 BPM/7 RPM;53 CIA PM/23 BPM/7 RPM;I04033;CONSUMADO;RUA;INVÁLIDO;MARANHAO;PREENCHIMENTO OPCIONAL;;1325;INVÁLIDO;;;;DIVINOPOLIS;;;APREENDIDO;PISTOLA;14/02/2019;15:18:32;1
2019-007094892-001;POLICIA MILITAR;53 CIA PM/23 BPM/7 RPM;53 CIA PM/23 BPM/7 RPM;I04033;CONSUMADO;RUA;INVÁLIDO;MARANHAO;PREENCHIMENTO OPCIONAL;;1325;INVÁLIDO;;;;DIVINOPOLIS;;;APREENDIDO;SUBMETRALHADORA (USO RESTRITO);14/02/2019;15:18:32;1
2019-007140668-001;POLICIA MILITAR;2 PEL/241 CIA PM/63 BPM/7 RPM;241 CIA PM/63 BPM/7 RPM;I04033;CONSUMADO;RUA;NELSON CANDIDO RIBEIRO;;PREENCHIMENTO OPCIONAL;;21;NOVA MORADA DOIS;;;;ARCOS;-20,27860360;-45,51671440;APREENDIDO;REVOLVER;14/02/2019;18:20:39;1
2019-007166077-001;POLICIA MILITAR;3 PEL/19 CIA PM IND/7 RPM;19 CIA PM IND/7 RPM;E99000;CONSUMADO;RUA;INVÁLIDO;SALVADOR GONCALVES DE OLIVEIRA;PREENCHIMENTO OPCIONAL;;0;INVÁLIDO;;;BECO DA MORTE BAIRRO SÃO PAULO;PARA DE MINAS;;;APREENDIDO;REVOLVER;14/02/2019;22:22:38;1
2019-007189855-001;POLICIA MILITAR;2 PEL/118 CIA PM/7 BPM/7 RPM;118 CIA PM/7 BPM/7 RPM;E03014;CONSUMADO;RODOVIA;BR 352;;PREENCHIMENTO OPCIONAL;;410;INVÁLIDO;;;ibitira;MARTINHO CAMPOS;-19,42631110;-45,14154520;APREENDIDO;ESPINGARDA POLVEIRA;14/02/2019;23:40:00;1
2019-007346837-001;POLICIA MILITAR;1 PEL/118 CIA PM/7 BPM/7 RPM;118 CIA PM/7 BPM/7 RPM;E03012;CONSUMADO;RUA;ANTONIO CANDIDO CASTELO BRANCO FILHO;;PREENCHIMENTO OPCIONAL;;132;INVÁLIDO;;;;POMPEU;-19,21168360;-45,00083670;APREENDIDO;PISTOLA;15/02/2019;19:55:00;1
2019-007359262-001;POLICIA MILITAR;142 CIA PM/23 BPM/7 RPM;7 CIA PM IND PE/7 RPM;E03014;CONSUMADO;AVENIDA;DO TRABALHO;;PREENCHIMENTO OPCIONAL;;140;INTERLAGOS;;;;DIVINOPOLIS;-20,15641180;-44,87123020;APREENDIDO;ARMAS DE PRESSAO IGUAL OU INFERIOR A 6MM;15/02/2019;23:33:18;1
2019-007360828-001;POLICIA MILITAR;142 CIA PM/23 BPM/7 RPM;142 CIA PM/23 BPM/7 RPM;E03016;CONSUMADO;AVENIDA;GUAJAJARAS;;PREENCHIMENTO OPCIONAL;;1441;JARDIM DOS CANDIDES;;;;DIVINOPOLIS;-20,13063840;-44,83843270;APREENDIDO;PISTOLA;16/02/2019;00:02:53;1
2019-007366280-001;POLICIA MILITAR;142 CIA PM/23 BPM/7 RPM;240 CIA TM/23 BPM/7 RPM;E03014;CONSUMADO;AVENIDA;AYRTON SENNA DA SILVA;;PREENCHIMENTO OPCIONAL;;456;DONA QUITA;;;;DIVINOPOLIS;-20,16855360;-44,86352750;APREENDIDO;PISTOLA;16/02/2019;00:51:38;1
2019-007380528-001;POLICIA MILITAR;53 CIA PM/23 BPM/7 RPM;53 CIA PM/23 BPM/7 RPM;E03014;CONSUMADO;AVENIDA;ANTONIO OLIMPIO DE MORAIS;;PREENCHIMENTO OPCIONAL;;859;CENTRO;;;LOJA DE CONVENIENCIA MEGA 24 HS;DIVINOPOLIS;-20,14043630;-44,88746720;APREENDIDO;REVOLVER;16/02/2019;04:09:14;1
2019-007450409-001;POLICIA MILITAR;3 PEL/280 CIA PM/60 BPM/7 RPM;7 CIA PM IND PE/7 RPM;E03012;CONSUMADO;POVOADO;SACRAMENTO;;PREENCHIMENTO OPCIONAL;;0;INVÁLIDO;;260;;PITANGUI;-19,51472220;-44,99416670;APREENDIDO;ESPINGARDA POLVEIRA;16/02/2019;17:50:10;1
2019-007450409-001;POLICIA MILITAR;3 PEL/280 CIA PM/60 BPM/7 RPM;7 CIA PM IND PE/7 RPM;E03012;CONSUMADO;POVOADO;SACRAMENTO;;PREENCHIMENTO OPCIONAL;;0;INVÁLIDO;;260;;PITANGUI;-19,51472220;-44,99416670;APREENDIDO;OUTROS - TIPO DE ARMA;16/02/2019;17:50:10;1
2019-007453863-001;POLICIA MILITAR;1 PEL/118 CIA PM/7 BPM/7 RPM;118 CIA PM/7 BPM/7 RPM;I04033;CONSUMADO;RUA;PROFESSORA PEQUENINA;;PREENCHIMENTO OPCIONAL;;835;NOSSA SENHORA DA PIEDADE;;;;POMPEU;-19,22866630;-45,00783260;APREENDIDO;ARMAS DE PRESSAO IGUAL OU INFERIOR A 6MM;16/02/2019;18:15:00;1
2019-007481074-001;POLICIA MILITAR;3 PEL/19 CIA PM IND/7 RPM;19 CIA PM IND/7 RPM;B01147;CONSUMADO;FAZENDA;INVÁLIDO;BOM PASTOR;PREENCHIMENTO OPCIONAL;;0;INVÁLIDO;;;;IGARATINGA;-19,97475000;-44,75166667;APREENDIDO;ESPINGARDA / ESCOPETA;16/02/2019;19:20:00;3
2019-007550747-001;POLICIA MILITAR;141 CIA PM/7 BPM/7 RPM;141 CIA PM/7 BPM/7 RPM;E03012;CONSUMADO;RUA;DIMAS FERNANDES;;PREENCHIMENTO OPCIONAL;;151;BELA VISTA;;;;ABAETE;-19,14538330;-45,45303970;APREENDIDO;ESPINGARDA POLVEIRA;17/02/2019;14:21:49;1
2019-007673867-001;POLICIA MILITAR;2 GP/3 PEL/51 CIA PM/23 BPM/7 RPM;51 CIA PM/23 BPM/7 RPM;E03012;CONSUMADO;POVOADO;RETIRO DOS PINTOS;;PREENCHIMENTO OPCIONAL;;0;INVÁLIDO;;;20°14'44''S44°28'42''W;ITATIAIUCU;-20,17288890;-44,51125000;APREENDIDO;ESPINGARDA / ESCOPETA;18/02/2019;10:00:00;1
2019-007756418-001;POLICIA MILITAR;INVÁLIDO;7 CIA PM IND PE/7 RPM;E03014;CONSUMADO;RUA;INVÁLIDO;SANTA CLARA;PREENCHIMENTO OPCIONAL;;574;INVÁLIDO;;;;DIVINOPOLIS;;;APREENDIDO;REVOLVER;18/02/2019;17:37:47;1
2019-007790400-001;POLICIA MILITAR;3 PEL/142 CIA PM/23 BPM/7 RPM;7 CIA PM IND PE/7 RPM;E03012;CONSUMADO;RUA;SILVINO PIO DA FONSECA;;PREENCHIMENTO OPCIONAL;;200;BOMFIM;;;;CARMO DO CAJURU;-20,17789370;-44,76560590;APREENDIDO;ESPINGARDA / ESCOPETA;18/02/2019;21:24:46;1
2019-007790400-001;POLICIA MILITAR;3 PEL/142 CIA PM/23 BPM/7 RPM;7 CIA PM IND PE/7 RPM;E03012;CONSUMADO;RUA;SILVINO PIO DA FONSECA;;PREENCHIMENTO OPCIONAL;;200;BOMFIM;;;;CARMO DO CAJURU;-20,17789370;-44,76560590;APREENDIDO;ESPINGARDA POLVEIRA;18/02/2019;21:24:46;1
2019-007880350-001;POLICIA MILITAR;141 CIA PM/7 BPM/7 RPM;7 CIA PM IND PE/7 RPM;E03012;CONSUMADO;RODOVIA;BR 352;;PREENCHIMENTO OPCIONAL;;1;INVÁLIDO;;;;ABAETE;-19,15793430;-45,46878170;APREENDIDO;ESPINGARDA / ESCOPETA;19/02/2019;13:33:23;3
2019-007880350-001;POLICIA MILITAR;141 CIA PM/7 BPM/7 RPM;7 CIA PM IND PE/7 RPM;E03012;CONSUMADO;RODOVIA;BR 352;;PREENCHIMENTO OPCIONAL;;1;INVÁLIDO;;;;ABAETE;-19,15793430;-45,46878170;APREENDIDO;ESPINGARDA POLVEIRA;19/02/2019;13:33:23;1
2019-007963230-001;POLICIA MILITAR;2 PEL/290 CIA PM/63 BPM/7 RPM;63 BPM/7 RPM;E03012;CONSUMADO;RUA;BROMELIA;;PREENCHIMENTO OPCIONAL;;64.0000;BALBINO RIBEIRO DA SILVA;JOSÉ BALBINO RIBEIRO;;;FORMIGA;-20,43344140;-45,43084740;APREENDIDO;REVOLVER;19/02/2019;20:46:19;1
2019-008134395-001;POLICIA MILITAR;1 PEL/118 CIA PM/7 BPM/7 RPM;118 CIA PM/7 BPM/7 RPM;I04033;CONSUMADO;RUA;DO ALTO;;PREENCHIMENTO OPCIONAL;;588;ARITANA;;;;POMPEU;-19,23299690;-44,98838710;APREENDIDO;PISTOLA;20/02/2019;18:10:00;1
2019-008152161-001;POLICIA MILITAR;3 PEL/19 CIA PM IND/7 RPM;19 CIA PM IND/7 RPM;E03012;CONSUMADO;CHACARA;INVÁLIDO;corrego das pedras;PREENCHIMENTO OPCIONAL;;0;INVÁLIDO;chacara tres lagoas;;;PARA DE MINAS;;;APREENDIDO;GARRUCHA;20/02/2019;21:20:06;1
2019-008179374-001;POLICIA MILITAR;3 PEL/19 CIA PM IND/7 RPM;19 CIA PM IND/7 RPM;C01157;CONSUMADO;RUA;NAIR GUIMARAES FERREIRA;;PREENCHIMENTO OPCIONAL;;70;RECANTO DA LAGOA;;;;PARA DE MINAS;-19,87010230;-44,57885760;APREENDIDO;REVOLVER;21/02/2019;01:08:40;1
2019-008261234-001;POLICIA MILITAR;4 PEL/107 CIA PM/7 BPM/7 RPM;7 CIA PM IND PE/7 RPM;E03017;CONSUMADO;PRACA;MONSENHOR OTAVIANO;;PREENCHIMENTO OPCIONAL;;20;INVÁLIDO;CENTRO;FUNDOS;;SANTO ANTONIO DO MONTE;;;APREENDIDO;ESPINGARDA / ESCOPETA;21/02/2019;14:00:00;1
2019-008261234-001;POLICIA MILITAR;4 PEL/107 CIA PM/7 BPM/7 RPM;7 CIA PM IND PE/7 RPM;E03017;CONSUMADO;PRACA;MONSENHOR OTAVIANO;;PREENCHIMENTO OPCIONAL;;20;INVÁLIDO;CENTRO;FUNDOS;;SANTO ANTONIO DO MONTE;;;APREENDIDO;REVOLVER;21/02/2019;14:00:00;1
2019-008280230-001;POLICIA MILITAR;60 BPM/7 RPM;279 CIA PM/60 BPM/7 RPM;C01157;CONSUMADO;POVOADO;RIPAS;;PREENCHIMENTO OPCIONAL;;0;INVÁLIDO;;;;NOVA SERRANA;-19,92224570;-44,92644010;APREENDIDO;GARRUCHA;21/02/2019;15:46:25;1
2019-008318551-001;POLICIA MILITAR;4 PEL/107 CIA PM/7 BPM/7 RPM;107 CIA PM/7 BPM/7 RPM;E03012;CONSUMADO;ACESSO;ZONA RURAL;;PREENCHIMENTO OPCIONAL;;0;INVÁLIDO;;;FAZENDA DO MARIO VIGNATE;SANTO ANTONIO DO MONTE;-20,09831350;-45,30736200;APREENDIDO;ESPINGARDA / ESCOPETA;21/02/2019;18:45:00;2
2019-008476969-001;POLICIA MILITAR;3 PEL/141 CIA PM/7 BPM/7 RPM;68 CIA TM/60 BPM/7 RPM;E03012;CONSUMADO;CHACARA;AREIAS;;PREENCHIMENTO OPCIONAL;;0;INVÁLIDO;;;;NOVA SERRANA;-19,87583300;-44,98416400;APREENDIDO;ESPINGARDA POLVEIRA;22/02/2019;17:55:32;1
2019-008491340-001;POLICIA MILITAR;INVÁLIDO;7 CIA PM IND PE/7 RPM;E03012;CONSUMADO;RUA;INVÁLIDO;FERNANDO PEIXOTO;PREENCHIMENTO OPCIONAL;;296;INVÁLIDO;SANTOS;CASA 3A;;PITANGUI;;;APREENDIDO;REVOLVER;22/02/2019;19:34:08;1
2019-008491380-001;POLICIA MILITAR;2 PEL/118 CIA PM/7 BPM/7 RPM;118 CIA PM/7 BPM/7 RPM;E99000;CONSUMADO;RUA;GUARAPARI;;PREENCHIMENTO OPCIONAL;;237.000;LAGOA DOS BURITIS;LAGOA DOS BURITIS;;;MARTINHO CAMPOS;-19,35042240;-45,25071840;RECOLHIDO;ARMAS DE PRESSAO IGUAL OU INFERIOR A 6MM;22/02/2019;19:00:00;1
2019-008493113-001;POLICIA MILITAR;1 PEL/118 CIA PM/7 BPM/7 RPM;118 CIA PM/7 BPM/7 RPM;I04033;CONSUMADO;RUA;MARIA CUSTODIA DOS SANTOS;;PREENCHIMENTO OPCIONAL;;103;VOLTA DO BREJO;;CASA;;POMPEU;-19,21761710;-44,98494530;APREENDIDO;ESPINGARDA / ESCOPETA;22/02/2019;19:38:00;1
2019-008493113-001;POLICIA MILITAR;1 PEL/118 CIA PM/7 BPM/7 RPM;118 CIA PM/7 BPM/7 RPM;I04033;CONSUMADO;RUA;MARIA CUSTODIA DOS SANTOS;;PREENCHIMENTO OPCIONAL;;103;VOLTA DO BREJO;;CASA;;POMPEU;-19,21761710;-44,98494530;APREENDIDO;REVOLVER;22/02/2019;19:38:00;1
2019-008576610-001;POLICIA MILITAR;2 PEL/141 CIA PM/7 BPM/7 RPM;141 CIA PM/7 BPM/7 RPM;E03012;CONSUMADO;FAZENDA;PARIZINHO;CAMPO DOS SONHOS;PREENCHIMENTO OPCIONAL;;0.00000;INVÁLIDO;ZONA RURAL;;;QUARTEL GERAL;-19,26952778;-45,71513889;APREENDIDO;CARABINA / RIFLE;23/02/2019;09:00:00;1
2019-008576610-001;POLICIA MILITAR;2 PEL/141 CIA PM/7 BPM/7 RPM;141 CIA PM/7 BPM/7 RPM;E03012;CONSUMADO;FAZENDA;PARIZINHO;CAMPO DOS SONHOS;PREENCHIMENTO OPCIONAL;;0.00000;INVÁLIDO;ZONA RURAL;;;QUARTEL GERAL;-19,26952778;-45,71513889;APREENDIDO;ESPINGARDA / ESCOPETA;23/02/2019;09:00:00;1
2019-008628359-001;POLICIA MILITAR;53 CIA PM/23 BPM/7 RPM;240 CIA TM/23 BPM/7 RPM;E03015;CONSUMADO;RUA;ITAPECERICA;;PREENCHIMENTO OPCIONAL;;378;CENTRO;;casa;;DIVINOPOLIS;-20,13984430;-44,88445010;APREENDIDO;REVOLVER;23/02/2019;18:23:41;2
2019-008725611-001;POLICIA MILITAR;60 BPM/7 RPM;280 CIA PM/60 BPM/7 RPM;E99000;CONSUMADO;AVENIDA;BEIRA RIO;;PREENCHIMENTO OPCIONAL;;0;ITAPUA;;;;NOVA SERRANA;-19,86151150;-44,97397310;APREENDIDO;REVOLVER;24/02/2019;11:42:02;1
2019-008750433-001;POLICIA MILITAR;3 PEL/107 CIA PM/7 BPM/7 RPM;7 CIA PM MAMB/BPM MAMB/CPMAMB;E03014;CONSUMADO;ESTRADA;INVÁLIDO;TERRA BAMBUIZINHO;PREENCHIMENTO OPCIONAL;;0;INVÁLIDO;Zona Rural;;Povoado do Bom Jardim;LUZ;-20,03033333;-45,67786111;APREENDIDO;REVOLVER;24/02/2019;14:50:00;1
2019-008799542-001;POLICIA MILITAR;1 PEL/118 CIA PM/7 BPM/7 RPM;118 CIA PM/7 BPM/7 RPM;B01147;CONSUMADO;AVENIDA;DAS OLIVEIRAS;;PREENCHIMENTO OPCIONAL;;374;SAO JOSE;;;;POMPEU;-19,23889210;-44,99610980;APREENDIDO;ESPINGARDA / ESCOPETA;24/02/2019;21:30:00;1
2019-008947250-001;POLICIA MILITAR;3 PEL/280 CIA PM/60 BPM/7 RPM;280 CIA PM/60 BPM/7 RPM;C01157;CONSUMADO;RUA;MARTINHO LEMOS;;PREENCHIMENTO OPCIONAL;;1110;CENTRO;;;;CONCEICAO DO PARA;-19,76423930;-44,90189390;APREENDIDO;REVOLVER;25/02/2019;15:07:27;1
2019-008953953-001;POLICIA MILITAR;3 PEL/19 CIA PM IND/7 RPM;19 CIA PM IND/7 RPM;I04033;CONSUMADO;RUA;JOSE BAHIA CAPANEMA;;PREENCHIMENTO OPCIONAL;;123;PAPA JOAO PAULO II;;;;PARA DE MINAS;-19,85294860;-44,57267770;APREENDIDO;OUTROS - TIPO DE ARMA;25/02/2019;17:36:20;1
2019-008967903-001;POLICIA MILITAR;60 BPM/7 RPM;68 CIA TM/60 BPM/7 RPM;E03012;CONSUMADO;RUA;JOSE GARCIA OLIVEIRA;;PREENCHIMENTO OPCIONAL;;202;JARDIM PADRE LAURO;;;;NOVA SERRANA;-19,87548030;-45,00682750;APREENDIDO;REVOLVER;25/02/2019;18:38:26;1
2019-008989825-001;POLICIA MILITAR;60 BPM/7 RPM;280 CIA PM/60 BPM/7 RPM;C01157;CONSUMADO;RUA;JOAO DOS SANTOS;;PREENCHIMENTO OPCIONAL;;832;AMARAL;;;;NOVA SERRANA;-19,86666440;-44,98618500;APREENDIDO;GARRUCHA;25/02/2019;21:07:53;1
2019-009047235-001;POLICIA MILITAR;INVÁLIDO;7 CIA PM MAMB/BPM MAMB/CPMAMB;E03012;CONSUMADO;FAZENDA;INVÁLIDO;LAGOA BONITA;PREENCHIMENTO OPCIONAL;;0;INVÁLIDO;ZONA RURAL;;;IGUATAMA;-20,22791667;-45,67844444;APREENDIDO;ESPINGARDA / ESCOPETA;26/02/2019;06:10:00;1
2019-009047235-001;POLICIA MILITAR;INVÁLIDO;7 CIA PM MAMB/BPM MAMB/CPMAMB;E03012;CONSUMADO;FAZENDA;INVÁLIDO;LAGOA BONITA;PREENCHIMENTO OPCIONAL;;0;INVÁLIDO;ZONA RURAL;;;IGUATAMA;-20,22791667;-45,67844444;APREENDIDO;ESPINGARDA POLVEIRA;26/02/2019;06:10:00;1
2019-009047235-001;POLICIA MILITAR;INVÁLIDO;7 CIA PM MAMB/BPM MAMB/CPMAMB;E03012;CONSUMADO;FAZENDA;INVÁLIDO;LAGOA BONITA;PREENCHIMENTO OPCIONAL;;0;INVÁLIDO;ZONA RURAL;;;IGUATAMA;-20,22791667;-45,67844444;APREENDIDO;OUTROS - TIPO DE ARMA;26/02/2019;06:10:00;2
2019-009048305-001;POLICIA MILITAR;INVÁLIDO;7 CIA PM MAMB/BPM MAMB/CPMAMB;E03012;CONSUMADO;FAZENDA;INVÁLIDO;LAGOA BONITA;PREENCHIMENTO OPCIONAL;;0;INVÁLIDO;ZONA RURAL;;;IGUATAMA;-20,22791667;-45,67841667;APREENDIDO;ESPINGARDA / ESCOPETA;26/02/2019;06:20:00;1
2019-009124450-001;POLICIA MILITAR;60 BPM/7 RPM;279 CIA PM/60 BPM/7 RPM;E03014;CONSUMADO;AVENIDA;VINTE E UM DE ABRIL;;PREENCHIMENTO OPCIONAL;;1370;PROLONGAMENTO BELA VISTA 1;;;;PERDIGAO;-19,95420170;-45,07056000;APREENDIDO;REVOLVER;26/02/2019;16:03:35;1
2019-009153674-001;POLICIA MILITAR;60 BPM/7 RPM;280 CIA PM/60 BPM/7 RPM;C01157;CONSUMADO;RUA;INVÁLIDO;MARIA DA LUZ DE ABREU;PREENCHIMENTO OPCIONAL;;0;INVÁLIDO;JOSE RODRIGUES DA COSTA;;;NOVA SERRANA;;;APREENDIDO;REVOLVER;26/02/2019;18:05:33;1
2019-009174011-001;POLICIA MILITAR;3 PEL/19 CIA PM IND/7 RPM;19 CIA PM IND/7 RPM;E03012;CONSUMADO;RUA;LUIZ PORFIRIO OLIVEIRA;;PREENCHIMENTO OPCIONAL;;114;RECANTO DA LAGOA;;;;PARA DE MINAS;-19,87617050;-44,57866060;APREENDIDO;ARMAS DE PRESSAO IGUAL OU INFERIOR A 6MM;26/02/2019;20:52:52;1
2019-009174011-001;POLICIA MILITAR;3 PEL/19 CIA PM IND/7 RPM;19 CIA PM IND/7 RPM;E03012;CONSUMADO;RUA;LUIZ PORFIRIO OLIVEIRA;;PREENCHIMENTO OPCIONAL;;114;RECANTO DA LAGOA;;;;PARA DE MINAS;-19,87617050;-44,57866060;APREENDIDO;ESPINGARDA / ESCOPETA;26/02/2019;20:52:52;1
2019-009195885-001;POLICIA MILITAR;1 PEL/118 CIA PM/7 BPM/7 RPM;118 CIA PM/7 BPM/7 RPM;E03012;CONSUMADO;RUA;DAS FLORES;;PREENCHIMENTO OPCIONAL;;48;INVÁLIDO;;;;POMPEU;-19,23741370;-44,99505070;APREENDIDO;REVOLVER;26/02/2019;18:30:00;2
2019-009222184-001;POLICIA MILITAR;141 CIA PM/7 BPM/7 RPM;141 CIA PM/7 BPM/7 RPM;B08021;CONSUMADO;RUA;JACIRA GOMES LATALIZA;;PREENCHIMENTO OPCIONAL;;141;BERNARDO SOARES DE FARIA;;;;ABAETE;-19,17392390;-45,43418160;RECOLHIDO;REVOLVER;27/02/2019;07:51:29;1
2019-009240944-001;POLICIA MILITAR;4 PEL/19 CIA PM IND/7 RPM;1 CIA ROTAM/BTL ROTAM/CPE;B01129;CONSUMADO;RODOVIA;MG 060;;PREENCHIMENTO OPCIONAL;;153;INVÁLIDO;;;;PAPAGAIOS;-19,45775570;-44,73649980;APREENDIDO;CARABINA / RIFLE;27/02/2019;09:59:12;1
2019-009240944-001;POLICIA MILITAR;4 PEL/19 CIA PM IND/7 RPM;1 CIA ROTAM/BTL ROTAM/CPE;B01129;CONSUMADO;RODOVIA;MG 060;;PREENCHIMENTO OPCIONAL;;153;INVÁLIDO;;;;PAPAGAIOS;-19,45775570;-44,73649980;APREENDIDO;FUZIL / FUZIL DE ASSALTO (USO;27/02/2019;09:59:12;5
2019-009302634-001;POLICIA MILITAR;2 PEL/290 CIA PM/63 BPM/7 RPM;7 CIA PM MAMB/BPM MAMB/CPMAMB;E03012;CONSUMADO;SITIO;INVÁLIDO;MORRO CAVADO;PREENCHIMENTO OPCIONAL;;0;INVÁLIDO;ZONA RURAL;;;FORMIGA;-20,39913889;-45,36461111;APREENDIDO;ESPINGARDA / ESCOPETA;27/02/2019;14:00:00;2
2019-009302634-001;POLICIA MILITAR;2 PEL/290 CIA PM/63 BPM/7 RPM;7 CIA PM MAMB/BPM MAMB/CPMAMB;E03012;CONSUMADO;SITIO;INVÁLIDO;MORRO CAVADO;PREENCHIMENTO OPCIONAL;;0;INVÁLIDO;ZONA RURAL;;;FORMIGA;-20,39913889;-45,36461111;APREENDIDO;ESPINGARDA POLVEIRA;27/02/2019;14:00:00;1
2019-009346543-001;POLICIA MILITAR;142 CIA PM/23 BPM/7 RPM;7 CIA PM IND PE/7 RPM;E03016;CONSUMADO;RUA;GONCALVES DIAS;;PREENCHIMENTO OPCIONAL;;786;PORTO VELHO;;;;DIVINOPOLIS;-20,14758610;-44,88054450;APREENDIDO;PISTOLA;27/02/2019;18:53:30;1
2019-009389928-001;POLICIA MILITAR;60 BPM/7 RPM;279 CIA PM/60 BPM/7 RPM;C01157;CONSUMADO;RUA;GUAJAJARAS;;PREENCHIMENTO OPCIONAL;;35;MARISA;;;;NOVA SERRANA;-19,88148880;-44,98584880;APREENDIDO;GARRUCHA;27/02/2019;22:29:46;1
2019-009412859-001;POLICIA MILITAR;141 CIA PM/7 BPM/7 RPM;141 CIA PM/7 BPM/7 RPM;Y10001;CONSUMADO;RUA;MARIA MARQUES DE CARVALHO;ALMIRANTE BARROSO;PREENCHIMENTO OPCIONAL;;1307.00;BELA VISTA;;;;ABAETE;-19,14859400;-45,45118220;APREENDIDO;ESPINGARDA / ESCOPETA;28/02/2019;06:22:44;1
2019-009415718-001;POLICIA MILITAR;2 PEL/141 CIA PM/7 BPM/7 RPM;141 CIA PM/7 BPM/7 RPM;E03012;CONSUMADO;RUA;TAPAJOS;;PREENCHIMENTO OPCIONAL;;465;SAO GERALDO;;;;DORES DO INDAIA;-19,45773190;-45,59210660;APREENDIDO;REVOLVER;28/02/2019;06:50:00;1
2019-009416333-001;POLICIA MILITAR;2 PEL/118 CIA PM/7 BPM/7 RPM;118 CIA PM/7 BPM/7 RPM;E03012;CONSUMADO;RUA;AUSTRAGESIMO DE MENDONCA;;PREENCHIMENTO OPCIONAL;;1159;LAGOA DOS BURITIS;;;;MARTINHO CAMPOS;-19,34507390;-45,24657310;APREENDIDO;ESPINGARDA / ESCOPETA;28/02/2019;06:20:00;1
2019-009416333-001;POLICIA MILITAR;2 PEL/118 CIA PM/7 BPM/7 RPM;118 CIA PM/7 BPM/7 RPM;E03012;CONSUMADO;RUA;AUSTRAGESIMO DE MENDONCA;;PREENCHIMENTO OPCIONAL;;1159;LAGOA DOS BURITIS;;;;MARTINHO CAMPOS;-19,34507390;-45,24657310;APREENDIDO;REVOLVER;28/02/2019;06:20:00;1
2019-009416885-001;POLICIA MILITAR;63 BPM/7 RPM;241 CIA PM/63 BPM/7 RPM;E03014;CONSUMADO;AVENIDA;SANTOS DUMONT;;PREENCHIMENTO OPCIONAL;;977.000;NOSSA SENHORA DE FATIMA;;;;BAMBUI;-20,01593930;-45,97187520;APREENDIDO;REVOLVER;28/02/2019;06:40:00;1
2019-009417340-001;POLICIA MILITAR;63 BPM/7 RPM;241 CIA PM/63 BPM/7 RPM;E03012;CONSUMADO;RUA;FRANCISCO ANGELO REMIGI;;PREENCHIMENTO OPCIONAL;;77;SAGRADO CORAÇÃO DE JESUS;;;;BAMBUI;-20,01768530;-45,96664980;APREENDIDO;ESPINGARDA POLVEIRA;28/02/2019;06:30:00;2
2019-009424039-001;POLICIA MILITAR;4 PEL/19 CIA PM IND/7 RPM;19 CIA PM IND/7 RPM;E99000;CONSUMADO;RUA;CECILIA MACHADO;;PREENCHIMENTO OPCIONAL;;322;INVÁLIDO;;;;PAPAGAIOS;-19,43864970;-44,73895730;APREENDIDO;ARMAS DE PRESSAO IGUAL OU INFERIOR A 6MM;28/02/2019;08:35:00;1
2019-009427305-001;POLICIA MILITAR;2 PEL/290 CIA PM/63 BPM/7 RPM;63 BPM/7 RPM;A05000;CONSUMADO;ESTRADA;JOSE BATISTA DE OLIVEIRA;DA LORETA;PREENCHIMENTO OPCIONAL;;1520.00;RECANTO DA PRAIA;;;;FORMIGA;-20,48727130;-45,43645040;APREENDIDO;ESPINGARDA POLVEIRA;28/02/2019;09:02:10;1
2019-009522246-001;POLICIA MILITAR;4 PEL/107 CIA PM/7 BPM/7 RPM;7 CIA PM MAMB/BPM MAMB/CPMAMB;E03012;CONSUMADO;FAZENDA;INVÁLIDO;LIZI/BATE ESTACA;PREENCHIMENTO OPCIONAL;;0;INVÁLIDO;LOCALIDADE RURAL DE BATE ESTACA/FEIJÃO PRETO;HERIS ELIS RIBEIRO;PRÓXIMO A GRANJA/AVICULTURA DE CORTE;PEDRA DO INDAIA;-20,30500000;-45,15944444;APREENDIDO;ESPINGARDA POLVEIRA;28/02/2019;14:00:00;1
2019-009527671-001;POLICIA MILITAR;107 CIA PM/7 BPM/7 RPM;107 CIA PM/7 BPM/7 RPM;E03014;CONSUMADO;RODOVIA;MG 170;;PREENCHIMENTO OPCIONAL;;30;INVÁLIDO;;;trevo principal;LAGOA DA PRATA;-20,01778140;-45,51469350;APREENDIDO;REVOLVER;28/02/2019;17:54:37;1
